,appid,positive_reviews,negative_reviews
0,10,197122,5081
1,393380,95418,13059
2,1428680,1,1
3,740240,32,32
4,663300,298,157
5,1687130,0,2
6,1307730,5,2
7,1713770,4,0
8,537800,9588,1322
9,1334650,32,2
10,1688350,0,0
11,1824130,0,0
12,1340950,3,0
13,1625450,116798,6528
14,1454270,0,0
15,1793890,0,0
16,591390,2,0
17,1820320,32,9
18,1181600,45,6
19,1501410,222,12
20,965830,50,7
21,1396350,4,0
22,698260,310,80
23,1853420,3,0
24,1403990,13,11
25,980210,73,25
26,1845370,3,0
27,588950,1211,108
28,941140,0,0
29,408960,143,41
30,1251040,0,0
31,1554970,87,22
32,332530,104,54
33,1962554,0,0
34,1284730,0,0
35,1483670,0,0
36,1530130,9,1
37,1309490,74,32
38,1252710,292,141
39,1070320,90,35
40,1259270,0,0
41,1929300,0,0
42,633130,252,164
43,1000080,1009,437
44,1146910,17,2
45,1694320,2,0
46,1495670,28,12
47,497800,228,13
48,1209410,343,245
49,1494780,2,0
50,1419140,1,0
51,1705770,0,0
52,1952930,0,0
53,315320,56,118
54,1022980,412,126
55,1221230,30,8
56,369550,162,38
57,1684080,87,15
58,1681840,53,5
59,1885990,2,0
60,1716760,0,0
61,1413090,26,0
62,670960,1,0
63,1998450,0,0
64,1792730,0,0
65,512900,15106,550
66,1840880,0,0
67,1730150,6,0
68,999310,8,5
69,371970,3157,273
70,1126030,0,0
71,808010,146,25
72,1891920,0,0
73,943140,266,76
74,250580,966,450
75,445870,52,30
76,527230,24746,3054
77,17140,165,48
78,778050,42,11
79,1173310,25,1
80,1204860,1,9
81,1608610,3,0
82,1844460,0,0
83,681280,10685,661
84,1518690,42,2
85,1603590,0,0
86,1805680,0,0
87,1670010,26,5
88,1877650,0,0
89,1383490,17,5
90,1255530,0,0
91,1348430,6,0
92,561510,17,2
93,1335350,2,0
94,573780,80,37
95,1755620,0,0
96,1919040,56,14
97,2008270,0,0
98,1193590,78,9
99,697900,87,17
100,1235800,35,1
101,1842730,33,4
102,1221990,32,8
103,1990110,0,0
104,790030,1,0
105,1677650,4,0
106,965880,4,1
107,1969000,0,0
108,1826880,0,0
109,590380,13663,823
110,1977030,22,2
111,1640790,0,0
112,386340,83,30
113,1394400,1,4
114,1848240,2,0
115,1491480,1,0
116,711590,0,0
117,1802810,0,0
118,391140,275,36
119,421140,12,8
120,1639080,0,0
121,1656050,0,0
122,1972440,1153,87
123,1655210,1,1
124,2022850,0,0
125,1530750,244,41
126,1866880,0,0
127,1872830,0,0
128,624690,59,16
129,1385580,0,0
130,1030410,14,7
131,1714080,30,0
132,1523220,3,2
133,1311240,0,0
134,364740,17,2
135,1571130,0,0
136,1301870,8,0
137,262810,90,73
138,1372410,0,0
139,1121580,93,62
140,1544110,3,0
141,1812960,28,5
142,1950820,0,0
143,1432910,255,84
144,610130,155,51
145,827220,35,13
146,1767590,2,0
147,1980350,154,36
148,1059640,4,0
149,1477930,0,0
150,838110,122,17
151,330270,172,113
152,1530980,0,0
153,1485590,0,0
154,932210,27,10
155,1760670,0,3
156,901000,3,1
157,1552620,0,0
158,1178790,447,121
159,1197100,6,5
160,1626160,0,0
161,1883260,33,0
162,1562740,2,0
163,1258800,0,0
164,1756960,9,0
165,1435160,24,0
166,1868050,0,0
167,1730380,1,0
168,1797260,0,0
169,1988600,13,2
170,381900,102,28
171,1266820,215,143
172,1714860,3,5
173,856990,147,62
174,1896710,20,1
175,1906470,0,0
176,1440030,0,0
177,1448070,2,0
178,1335300,16,7
179,1926060,0,0
180,1680200,0,0
181,1463100,0,0
182,1960680,0,0
183,387060,154,31
184,2010740,2,0
185,718590,1510,460
186,1468800,4,4
187,1753890,6,0
188,2013080,0,0
189,1988960,0,0
190,1719180,104,1
191,682790,6,7
192,1454730,0,0
193,1486990,0,0
194,1830070,0,0
195,405550,59,12
196,1626510,0,0
197,1802100,0,0
198,269310,621,298
199,816990,46,21
200,1412960,0,0
201,1184680,0,0
202,841320,10,4
203,1580040,2,0
204,1968140,1,2
205,1155420,46,16
206,336940,233,99
207,858820,10521,2975
208,1582620,681,557
209,1253860,136,65
210,2025000,0,0
211,1776560,9,1
212,1566200,0,0
213,872680,162,53
214,1825340,26,1
215,414950,107,44
216,597040,29,29
217,1404960,13,1
218,861250,876,172
219,585020,987,204
220,1365810,0,0
221,403830,315,16
222,1093790,45,6
223,1475460,170,20
224,554710,19,4
225,1494810,0,0
226,1681460,0,0
227,736710,23,6
228,1368480,1,3
229,948320,79,22
230,1809110,0,0
231,1907000,0,0
232,1357190,0,2
233,299600,165,118
234,1160020,152,8
235,837200,31,10
236,1304810,19,1
237,787350,0,0
238,1917460,0,0
239,1525490,42,9
240,1418670,3,3
241,1419350,15,11
242,383230,1629,563
243,1929360,224,12
244,2050560,0,0
245,1328530,358,28
246,1203360,257,59
247,1262060,218,27
248,1705150,0,0
249,1352450,1,0
250,1821060,6,0
251,1047950,29,6
252,947290,22,9
253,1461630,24,2
254,1985550,0,0
255,463430,5,6
256,1454010,91,4
257,1156060,0,0
258,861540,7184,794
259,1440600,6,0
260,725040,32,14
261,2050400,11,2
262,1296700,33,1
263,265000,538,103
264,680030,50,10
265,937870,28,10
266,1847480,0,0
267,603530,609,74
268,1183010,0,0
269,1475140,13,4
270,1565180,1,1
271,843590,29,0
272,848220,0,0
273,1062340,183,124
274,1481630,13,0
275,1635800,12,10
276,997020,0,1
277,1970520,9,1
278,1516130,0,0
279,1790507,0,0
280,651670,1761,295
281,1694740,1,0
282,1497180,15,17
283,665840,15,2
284,1218940,52,12
285,1389760,0,0
286,1202140,6,1
287,1690650,40,11
288,632100,22,13
289,551860,773,263
290,241760,181,80
291,2023630,10,0
292,456660,23,35
293,1700930,0,0
294,1487390,1201,700
295,1534980,163,8
296,1625280,3,0
297,1305430,0,0
298,1912460,62,5
299,1275210,17,12
300,1709280,0,0
301,1592950,0,6
302,693800,246,199
303,1037940,44,8
304,1167680,333,35
305,1837780,3,1
306,1184760,203,29
307,629340,13,1
308,1653980,8,5
309,1960330,0,0
310,1557180,0,0
311,1145290,84,59
312,1478310,9,3
313,1090910,4,1
314,444940,264,48
315,370870,251,142
316,1012880,7410,473
317,1484720,1798,96
318,1601740,0,0
319,1510840,0,0
320,318230,1052,273
321,1342810,31,23
322,454030,26,18
323,946610,219,15
324,1364240,1,0
325,1169690,142,56
326,1348300,1962,265
327,1962610,0,0
328,1198900,5,0
329,1582900,14,5
330,671470,5,0
331,1626600,34,12
332,1813110,0,0
333,1162860,0,0
334,1035310,15,7
335,546430,1381,449
336,1073490,132,29
337,699920,653,127
338,982040,54,9
339,1157100,1,0
340,666570,633,138
341,1902900,1,1
342,1672920,301,37
343,1408590,7,2
344,1101910,455,93
345,1144760,4,5
346,1776860,1,0
347,1163920,0,0
348,1137460,6750,1399
349,1831520,1,0
350,1694920,0,0
351,368680,125,17
352,869410,0,0
353,732370,2883,393
354,1795390,8,1
355,1916850,57,8
356,1114870,164,19
357,974370,33,15
358,575830,101,71
359,1733030,22,3
360,1695280,0,0
361,1981710,18,3
362,359960,198,71
363,1397130,0,0
364,1827760,11,0
365,1304780,63,25
366,1645120,0,0
367,1767550,0,0
368,1758460,0,0
369,1439120,0,0
370,1497510,7,1
371,1720160,42,8
372,1515610,5,1
373,1989190,14,2
374,1828090,1,2
375,730860,35,4
376,1267210,0,0
377,1790700,4,5
378,570980,421,56
379,540100,133,72
380,1499220,31,0
381,1133310,2,3
382,1626850,0,0
383,1459360,109,28
384,1336230,5,0
385,1926660,4,0
386,1450140,0,0
387,1966400,0,0
388,1724120,26,1
389,1886960,0,0
390,1620800,9,2
391,1797500,0,0
392,1707630,0,0
393,1594460,0,0
394,1848200,38,4
395,1926070,0,0
396,1339640,135,21
397,1973450,4,0
398,946650,161,38
399,1805460,0,0
400,1361580,24,5
401,1083850,7,13
402,667550,21,2
403,1060160,32,5
404,1494050,0,7
405,1611830,48,13
406,1221620,21,26
407,1755870,33,4
408,1456260,3,0
409,1795100,0,0
410,295590,119,95
411,1266380,4,0
412,1893590,2,0
413,1251210,295,181
414,1632330,26,7
415,1790510,0,0
416,1934850,0,0
417,418210,70,6
418,1447590,0,0
419,1123770,4857,709
420,264280,361,225
421,863970,7,1
422,624930,0,0
423,1731860,0,3
424,366910,1054,685
425,294040,1046,366
426,610310,149,29
427,1595000,27,11
428,1515580,0,0
429,1331650,5,0
430,1658930,162,11
431,1559460,14,4
432,992300,20156,2804
433,751940,3,0
434,1560260,5,4
435,1436650,123,35
436,1581790,0,0
437,1234580,2,1
438,1845200,0,0
439,1769170,425,22
440,1608010,1,2
441,220460,709,161
442,1563820,19,4
443,1623060,0,0
444,1828540,0,0
445,1869310,14,0
446,1615740,0,0
447,1895130,485,254
448,1888000,9,3
449,1589570,0,0
450,1121650,30,5
451,659540,830,24
452,1341220,69,9
453,1531200,2,0
454,1289810,1193,59
455,1571880,27,1
456,1532350,15,13
457,1383510,45,3
458,689700,118,28
459,1941140,0,0
460,698110,18,10
461,1243200,140,29
462,1040460,181,24
463,1581170,43,10
464,672440,0,0
465,1729380,0,0
466,1840710,0,0
467,1201910,5,13
468,1266840,2877,613
469,1204970,3,2
470,274500,4232,226
471,383020,7,9
472,1602390,0,0
473,1564800,6,4
474,1922000,1,0
475,307090,225,84
476,1741040,280,62
477,438440,20,0
478,1135230,739,51
479,688660,52,55
480,1010670,180,12
481,1414770,36,9
482,921710,295,97
483,1826900,0,0
484,1551050,15,5
485,1834640,0,0
486,1688520,0,0
487,1644630,2,5
488,1780220,0,0
489,680240,0,0
490,997290,0,0
491,1238480,5,1
492,761570,2,1
493,671990,3,0
494,436850,3,3
495,384490,2939,1570
496,225280,1033,187
497,1418390,0,0
498,1059980,0,0
499,1838660,0,1
500,1778960,68,21
501,1595490,109,2
502,2016300,0,0
503,1480690,5,1
504,1650250,45,6
505,1863000,0,0
506,886200,67,2
507,1657100,0,0
508,258070,47,16
509,1919750,79,1
510,252610,6108,448
511,1585370,0,0
512,350150,109,36
513,1288540,0,0
514,317820,1850,549
515,1027650,0,0
516,801290,284,47
517,635700,0,0
518,1772410,0,0
519,1608370,0,0
520,1332830,0,0
521,1167100,262,57
522,1738500,1,2
523,529970,58,19
524,1452110,2,5
525,1897810,5,1
526,670961,1,0
527,1717930,0,0
528,266510,9136,1005
529,1313330,0,7
530,1555410,0,0
531,1698210,0,0
532,1616260,0,0
533,1774940,0,0
534,1982990,0,0
535,1909850,0,0
536,1933580,1,0
537,266110,909,219
538,1656230,0,0
539,386710,18,13
540,266210,3654,223
541,1908490,0,0
542,767650,17,0
543,1942110,0,0
544,1453670,15,0
545,1935155,0,0
546,1841380,0,0
547,800840,0,2
548,1078510,153,13
549,1839340,15,1
550,1186940,9,4
551,1763570,0,0
552,1576370,56,5
553,1827730,6,2
554,1677580,20,1
555,323060,1655,690
556,1790410,0,0
557,297210,303,77
558,1686720,0,0
559,1576970,15,7
560,501950,50,20
561,658830,49,21
562,1280930,485,31
563,1824070,1,2
564,1416820,2,3
565,1008080,0,0
566,1348780,1,2
567,799340,0,0
568,1399030,1,0
569,496620,881,220
570,882590,0,0
571,1648880,23,13
572,362490,6970,1523
573,983670,31,22
574,283040,44,40
575,1070190,48,20
576,2007870,0,0
577,1699990,0,0
578,1753160,1,0
579,851150,79,17
580,1449070,400,94
581,1904030,2,0
582,1859870,1,2
583,1815740,0,0
584,1583670,5,7
585,1442840,26,1
586,1608040,234,95
587,2005870,0,0
588,1585750,4,0
589,1043440,0,0
590,1475150,9,3
591,1671180,12,0
592,1714850,17,6
593,226620,1237,132
594,491720,36,8
595,689300,5,0
596,1687400,0,0
597,1169000,3,0
598,1928370,0,0
599,1484210,0,0
600,322660,232,18
601,1906980,0,0
602,1759880,0,0
603,1956400,9,1
604,1781190,0,0
605,2018420,0,0
606,529130,53,27
607,1038820,104,79
608,1753660,0,0
609,1863120,0,0
610,1397850,3,3
611,1703330,0,1
612,1538250,1,0
613,926140,1620,143
614,931690,4824,453
615,758680,0,0
616,1426110,161,51
617,1801440,0,0
618,1346860,2,3
619,1859770,33,2
620,217120,76,13
621,638510,0,0
622,1516340,3,1
623,1456900,0,1
624,1883880,0,0
625,2012170,0,0
626,369440,489,226
627,1191840,3201,321
628,894000,53,5
629,1131240,617,173
630,1491030,0,0
631,327510,842,264
632,1163740,369,10
633,1721230,0,0
634,1245730,2,0
635,316910,51,2
636,1542120,15,3
637,1248800,213,85
638,1930950,1,1
639,1401400,0,0
640,1537430,10,0
641,1409110,0,0
642,1612620,1238,290
643,2002720,4,0
644,1604840,4,1
645,1865250,0,0
646,1790501,0,0
647,1120390,5,0
648,1000010,3833,589
649,1428640,0,0
650,98822,19,0
651,788000,5,0
652,1839360,14,0
653,1260590,347,35
654,290470,599,238
655,1664010,12,1
656,1704130,0,1
657,1551730,4,2
658,1379470,2,2
659,1348750,10,1
660,1302440,33,8
661,1489300,35,2
662,605920,113,21
663,1914770,4,0
664,1400450,4,6
665,444470,13,5
666,1704120,0,0
667,1329210,0,0
668,987210,31,9
669,1026420,584,207
670,2020770,0,0
671,860660,52,19
672,832650,19,7
673,1510400,19,22
674,1630780,16,0
675,1588400,148,27
676,1890310,0,0
677,1023790,25,0
678,1082200,1,2
679,1524350,48,6
680,1457690,31,5
681,1397720,2,0
682,1476020,0,0
683,1424590,0,0
684,1932280,0,0
685,966430,674,256
686,530930,46,64
687,1612380,2,2
688,327670,643,199
689,1689350,212,23
690,854550,12,13
691,306550,225,49
692,740580,0,0
693,1728100,4,0
694,340490,918,256
695,1584800,1,0
696,1610500,0,0
697,1831370,0,0
698,643830,52,8
699,1966900,6907,483
700,1683140,6,0
701,1105660,29,10
702,1570290,6,2
703,2003060,0,0
704,452920,40,6
705,1580050,367,29
706,1748750,0,0
707,575840,55,58
708,1409700,16,0
709,1240530,6,4
710,1263370,3457,632
711,1984390,9,8
712,1119700,1352,424
713,2052690,0,0
714,1233590,559,325
715,1623210,239,71
716,1795760,3,1
717,1837180,0,0
718,2065870,0,0
719,556920,14,5
720,1869280,6,0
721,1885080,0,0
722,460560,20,5
723,1688460,1,3
724,1678320,0,0
725,276730,41,31
726,506870,572,77
727,1127760,0,0
728,1217720,50,4
729,1890500,0,0
730,790060,438,0
731,269590,89,109
732,1779080,0,0
733,1511400,6,0
734,1635180,0,0
735,1665200,11,0
736,1446510,4,4
737,432590,24,16
738,1527960,1,0
739,791580,3,1
740,935970,60,5
741,1750810,3,1
742,749850,115,38
743,1657570,0,0
744,1074620,270,26
745,1892920,0,0
746,400450,498,143
747,1381450,3,0
748,973740,8,0
749,701740,11,7
750,360510,212,298
751,2005070,0,0
752,1508360,112,47
753,1916220,0,0
754,1693360,2,2
755,1303400,0,0
756,1444770,38,2
757,674930,1373,129
758,781890,9,0
759,1321520,0,0
760,996370,34,4
761,1038370,2315,305
762,437570,1034,198
763,1737750,0,0
764,1450800,32,6
765,714240,69,17
766,1853670,35,20
767,1364570,0,0
768,1538040,1,0
769,1924140,0,0
770,1955030,0,0
771,869730,0,0
772,1502220,0,0
773,1255800,0,0
774,1944570,0,0
775,1377030,19,3
776,1786010,0,0
777,462100,193,49
778,1015140,624,211
779,1114530,77,9
780,1126890,116,26
781,481870,291,115
782,488730,576,197
783,1400920,3,0
784,638060,7,1
785,669310,9,2
786,1504250,0,0
787,372080,38,9
788,1048350,444,151
789,1492260,6,1
790,1237490,34,28
791,874030,155,79
792,1777380,4,1
793,1363120,0,0
794,1425670,0,0
795,1547030,20,3
796,1017650,2,0
797,568220,18237,1151
798,1384910,0,0
799,788100,15623,1952
800,1052080,12,0
801,1582790,4,0
802,1904860,0,0
803,332540,66,4
804,1246470,0,0
805,1350820,10,2
806,1843760,2461,489
807,503620,768,226
808,338190,185,29
809,1440010,39,15
810,548370,143,177
811,1679360,0,0
812,1823390,0,0
813,340030,7,45
814,1985770,82,7
815,1531250,117,28
816,620330,4,1
817,1746560,0,0
818,1792170,3,1
819,2050890,0,0
820,390960,2,0
821,1259740,386,87
822,1422810,3,2
823,1863750,832,59
824,1706100,0,0
825,339570,136,22
826,1857080,0,0
827,1794190,2,1
828,234190,3219,804
829,2050450,0,0
830,911550,114,33
831,1263170,0,0
832,1725410,0,0
833,1281520,0,0
834,1352180,9,1
835,2018990,0,0
836,1970820,0,0
837,1194490,7,3
838,233700,1236,204
839,1713080,0,0
840,1378180,2,2
841,1597790,24,1
842,1788877,0,0
843,2025960,0,0
844,575820,159,40
845,297120,1164,253
846,1376580,39,16
847,857980,3852,595
848,1286690,0,0
849,718270,14,24
850,2002690,0,0
851,1413170,3,0
852,1915330,1,1
853,1929870,666,58
854,1147560,31997,2296
855,805920,42,10
856,428430,820,520
857,1331420,8,0
858,1105670,4803,424
859,2005430,6,0
860,1518150,1,5
861,1014780,0,0
862,1678810,0,0
863,1155540,0,0
864,434880,96,51
865,1520880,2,0
866,263080,157,78
867,1355160,0,0
868,1059310,3,1
869,1142080,438,39
870,295770,268,91
871,1568720,17,1
872,1352470,8,2
873,1784630,21,3
874,1547280,0,0
875,1971820,12,4
876,1948150,0,0
877,1909260,0,0
878,1582200,0,0
879,1937980,1,1
880,1335520,0,0
881,1222240,21,21
882,1159580,3,1
883,1953370,0,0
884,717200,4,0
885,1419760,1,0
886,1498980,0,0
887,1820470,0,0
888,593700,80,6
889,1649130,0,0
890,1792700,0,0
891,1381880,16,1
892,1449380,9,8
893,1599150,21,6
894,1706270,0,1
895,1456560,0,0
896,1551750,0,0
897,1945850,0,0
898,878380,3004,706
899,1828700,7,5
900,1550080,22,2
901,1601700,1,0
902,1484680,142,323
903,1604210,17,2
904,1789670,4,0
905,1525560,3,0
906,1940340,0,0
907,1680050,10,3
908,625960,16054,4929
909,1693660,19,1
910,1513250,4,3
911,1576750,2,8
912,1884750,47,27
913,1607890,3532,595
914,1004370,0,0
915,1934100,76,3
916,1819880,0,0
917,1632160,15,4
918,224820,1511,66
919,1008970,1,1
920,2001380,0,0
921,1913700,0,0
922,1680790,0,0
923,1964590,0,0
924,1492470,0,0
925,595100,56,22
926,1299250,0,0
927,577410,182,94
928,1135860,9,1
929,1946590,10,6
930,381020,870,64
931,1429710,0,0
932,1845870,0,0
933,1363140,12,2
934,840830,1,0
935,1746890,32,13
936,1909290,183,16
937,1676420,2,1
938,1277100,5,1
939,1149710,131,36
940,1735880,0,0
941,1711560,0,0
942,483850,52,19
943,1788110,89,13
944,1755600,12,1
945,1266430,0,0
946,1592720,0,0
947,853450,246,25
948,1442450,0,0
949,1069270,18,5
950,445980,14665,1385
951,1125370,5,0
952,431840,124,73
953,574640,124,54
954,1814730,0,0
955,1970580,0,0
956,1029040,12,3
957,1787920,72,11
958,1708470,2,9
959,1987140,0,0
960,351220,6,4
961,1309310,0,0
962,247080,20637,843
963,1441840,562,33
964,1768530,9,2
965,1566460,9,0
966,1199450,42,21
967,1833680,0,0
968,1787770,2,3
969,1297190,0,0
970,252630,1798,249
971,1698350,0,0
972,1905810,58,11
973,1169740,225,53
974,1128020,38,3
975,727830,32,0
976,877010,213,83
977,1124080,147,10
978,1824840,10,5
979,1318240,35,2
980,1016600,2157,359
981,1731260,0,0
982,1823840,0,0
983,1528230,0,1
984,722730,1202,46
985,1994300,0,0
986,1211600,0,0
987,489260,82,32
988,1334310,0,0
989,1873960,6,3
990,1676180,0,0
991,1836390,0,0
992,998850,22,7
993,1831290,0,0
994,1280380,57,6
995,1079230,182,16
996,547980,54,5
997,1362130,9,2
998,1650810,0,0
999,1594980,3,1
1000,1457430,111,66
1001,1920930,0,0
1002,1739650,0,0
1003,392410,216,105
1004,1433870,3,0
1005,1946930,0,0
1006,1772280,0,0
1007,876320,35,4
1008,1892970,8,6
1009,334280,39,24
1010,816720,125,9
1011,935350,6,1
1012,1470390,0,0
1013,1622140,0,0
1014,1661500,1,0
1015,1133890,6,5
1016,33130,722,144
1017,1111920,0,0
1018,622370,123,98
1019,843360,61,23
1020,1880310,1,1
1021,1265820,1807,114
1022,1935140,0,0
1023,722560,601,193
1024,1626840,0,0
1025,1590760,0,0
1026,744610,1,4
1027,1926080,9,3
1028,1790820,0,0
1029,1962920,501,18
1030,1824710,4,0
1031,1635410,0,0
1032,1040240,0,0
1033,1928850,0,0
1034,1582280,0,0
1035,1992880,0,0
1036,1790509,0,0
1037,919370,2182,593
1038,1076200,2040,361
1039,1270990,780,59
1040,645720,0,0
1041,979810,38,46
1042,1301710,0,0
1043,1508860,2,1
1044,1573500,4,1
1045,981880,52,6
1046,1455610,0,0
1047,1533650,7,1
1048,770100,489,129
1049,1765060,10,3
1050,1469840,0,0
1051,335620,2599,450
1052,1685550,1,0
1053,1697500,0,0
1054,1775360,0,0
1055,1959540,0,0
1056,1701160,0,0
1057,1709830,0,2
1058,1784990,22,2
1059,1378390,3,2
1060,1267470,1932,496
1061,956450,508,33
1062,1698060,0,0
1063,1767250,0,0
1064,312200,1460,560
1065,1954010,1,0
1066,598430,51,9
1067,606140,770,481
1068,1355440,8,1
1069,486470,9,10
1070,1641330,2,0
1071,1451460,388,31
1072,1804270,0,0
1073,1650200,0,0
1074,1915690,0,0
1075,1827500,1,0
1076,1778200,0,0
1077,595140,2604,244
1078,444270,47,8
1079,1596690,47,30
1080,1870800,0,0
1081,1066660,0,0
1082,983680,0,0
1083,1534340,67,3
1084,1637920,0,0
1085,1619520,0,0
1086,1207320,34,12
1087,520300,6,1
1088,859420,3,0
1089,1280750,42,19
1090,1305780,0,0
1091,440660,20,5
1092,1853431,0,0
1093,1048880,42,9
1094,722990,30,3
1095,1724640,0,0
1096,1208590,118,2
1097,310070,61,57
1098,355680,299,114
1099,1793740,0,0
1100,492290,275,86
1101,1379120,7,4
1102,603100,232,73
1103,1366150,25,5
1104,1576300,4,2
1105,1439550,3,1
1106,1789240,1,0
1107,1954570,2,0
1108,1253320,1,0
1109,1739080,0,0
1110,1768780,0,0
1111,1952100,0,2
1112,1142050,0,0
1113,1936160,0,0
1114,1851560,0,0
1115,772090,35,4
1116,1548180,0,0
1117,1243690,45,33
1118,522570,343,551
1119,227580,1910,222
1120,1602970,0,0
1121,1449960,0,0
1122,1725290,0,0
1123,913740,4745,266
1124,1054270,43,2
1125,1154810,2274,189
1126,1263070,806,393
1127,1713810,382,94
1128,1162470,96,12
1129,1577610,0,0
1130,402120,299,52
1131,1770810,11,2
1132,2001800,0,0
1133,1516900,16,5
1134,1953020,13,1
1135,200210,35024,6684
1136,1374230,0,0
1137,1915940,9,6
1138,1677090,0,0
1139,1196240,13,0
1140,1373830,11,1
1141,909510,601,558
1142,1732090,0,0
1143,920680,605,162
1144,333300,1072,175
1145,392260,185,54
1146,1291660,2,2
1147,1425770,45,7
1148,788930,81,7
1149,585710,1516,260
1150,657690,368,21
1151,1929550,0,0
1152,1213100,0,0
1153,1170660,0,0
1154,1294680,19,23
1155,1690790,1,1
1156,1793900,13,5
1157,1194770,29,11
1158,1585910,262,19
1159,1344970,0,0
1160,1594800,0,0
1161,1941860,10,4
1162,1554760,2,2
1163,1848140,10,0
1164,1514100,17,13
1165,1348060,4,4
1166,1687940,148,4
1167,1548680,0,0
1168,489220,402,226
1169,1651260,2,0
1170,1793170,0,0
1171,1255470,0,0
1172,1660290,32,2
1173,1902300,0,0
1174,1826020,0,0
1175,1990730,0,0
1176,1146230,407,73
1177,402310,394,468
1178,740080,833,125
1179,2023160,5,0
1180,1968700,0,0
1181,1703500,2,0
1182,1893620,0,0
1183,1525350,0,0
1184,233740,2484,325
1185,1359990,1,0
1186,1740720,2947,488
1187,1142890,0,0
1188,1150540,1,0
1189,1272300,2,0
1190,1095560,0,0
1191,1944810,0,0
1192,915310,3514,139
1193,1891940,10,5
1194,1399760,3,3
1195,1187940,112,112
1196,1803700,0,0
1197,1559700,27,1
1198,1922730,0,0
1199,1308560,11,21
1200,312650,259,79
1201,1764840,0,0
1202,1696900,7,0
1203,1465190,44,52
1204,1769060,0,0
1205,984110,1918,192
1206,1881210,0,0
1207,1890650,373,83
1208,601840,11329,582
1209,1389730,4,0
1210,989350,0,0
1211,1197750,0,0
1212,1921170,0,0
1213,1472060,6,0
1214,296970,2463,207
1215,1539880,0,0
1216,1559260,0,0
1217,1673920,4,2
1218,1715030,0,0
1219,1426300,6916,1901
1220,1834980,0,0
1221,1536110,0,0
1222,2009650,0,0
1223,296010,82,20
1224,1403280,103,56
1225,1209490,2215,595
1226,662540,126,15
1227,794600,3511,1267
1228,1235450,25,4
1229,1969430,0,0
1230,1652980,0,0
1231,939100,1500,747
1232,907270,715,423
1233,1969810,0,0
1234,1812970,0,0
1235,1269510,0,1
1236,1608660,0,0
1237,1332350,0,0
1238,1962555,0,0
1239,1336420,25,7
1240,1721870,207,13
1241,1555780,2,0
1242,709490,9,9
1243,1783280,122,12
1244,356820,48,7
1245,812780,0,0
1246,1084220,66,1
1247,1678340,3,0
1248,1456820,1493,94
1249,1304360,2,0
1250,464260,93,11
1251,1289550,2,0
1252,345080,117,46
1253,942530,5,1
1254,340520,694,65
1255,2053360,0,0
1256,1958130,0,0
1257,2062770,0,0
1258,1734310,1,0
1259,1711740,15,0
1260,348190,5,1
1261,1521690,4,5
1262,1291110,0,1
1263,1644390,1,1
1264,1407340,0,0
1265,887450,404,90
1266,1484740,4,2
1267,1978180,0,0
1268,1453790,66,27
1269,1569580,0,0
1270,1351980,3,1
1271,1886700,0,0
1272,1540740,4,2
1273,1790508,0,0
1274,1557540,10,3
1275,1707580,0,0
1276,1984240,0,0
1277,1141220,790,172
1278,1902230,0,0
1279,1408100,166,48
1280,1591630,1,3
1281,1790506,0,0
1282,1510810,0,0
1283,379210,880,155
1284,1557740,10385,495
1285,590850,51,4
1286,1962552,0,0
1287,456670,4324,727
1288,905440,0,0
1289,1861470,0,0
1290,1682060,0,0
1291,1178210,256,32
1292,1203780,10,0
1293,1896140,4,1
1294,1666520,21,1
1295,1457980,41,4
1296,1117840,10,0
1297,258930,2,0
1298,1725630,0,0
1299,1227280,1484,219
1300,1491380,0,0
1301,1343000,0,0
1302,1348960,3,0
1303,856050,0,0
1304,1839820,0,0
1305,1973840,4,1
1306,1356040,28,3
1307,1808320,0,0
1308,1999470,0,0
1309,1955640,0,0
1310,874330,8,15
1311,1809710,30,1
1312,654660,14,11
1313,737340,0,0
1314,1234840,28,14
1315,903780,14,1
1316,427910,253,87
1317,1804620,0,0
1318,1393950,5,0
1319,1683680,4,3
1320,1840840,0,0
1321,731420,30,5
1322,1326660,7,0
1323,1029960,0,0
1324,1850610,3,0
1325,1862491,0,0
1326,1541250,681,46
1327,543720,4,0
1328,1729730,6,0
1329,906820,0,0
1330,692890,3333,197
1331,1866630,0,0
1332,536040,126,59
1333,1706920,19,2
1334,368230,17276,1813
1335,1850280,12,2
1336,805710,18,8
1337,1844130,0,0
1338,1175430,77,1
1339,249630,2303,337
1340,1092630,940,51
1341,1794740,11,2
1342,1945590,63,26
1343,763890,12021,602
1344,590820,8,3
1345,1796660,0,0
1346,1909000,0,0
1347,1550400,0,0
1348,1786830,0,0
1349,1050900,6,0
1350,1335570,0,0
1351,1342600,14,3
1352,1630270,0,0
1353,1165470,0,0
1354,1566720,8,4
1355,1020730,408,39
1356,845110,1,0
1357,736240,19,0
1358,1588690,22,19
1359,1067580,26,5
1360,1763660,0,0
1361,1885200,0,0
1362,1583330,0,0
1363,706850,52,1
1364,1448260,367,139
1365,1071140,0,0
1366,889500,0,0
1367,1670310,15,5
1368,1877970,9,1
1369,1857690,0,1
1370,1253920,8064,953
1371,1324860,8,1
1372,1221240,21,11
1373,1681560,15,5
1374,924070,453,90
1375,298560,292,68
1376,1679220,0,0
1377,978520,2815,606
1378,1857930,0,0
1379,1662410,0,0
1380,1622030,3,0
1381,318970,678,119
1382,1055990,295,47
1383,1103730,182,54
1384,2008050,0,0
1385,1955830,0,0
1386,1733400,1,0
1387,1595110,0,0
1388,1835360,9,2
1389,1404800,1,0
1390,262210,181,42
1391,1690180,0,0
1392,1700270,0,0
1393,557410,234,25
1394,1804130,20,3
1395,442780,1663,628
1396,1416300,0,0
1397,1852070,0,0
1398,342610,341,19
1399,311480,587,135
1400,1579890,0,0
1401,1789340,0,0
1402,1660890,0,0
1403,1817030,0,0
1404,686360,51,15
1405,1477290,0,0
1406,1170230,0,0
1407,326720,145,22
1408,763340,22,5
1409,1521970,0,0
1410,1794680,106791,1171
1411,1146420,0,0
1412,531530,112,17
1413,1325520,8,3
1414,1717020,51,24
1415,1666600,0,1
1416,1573090,0,0
1417,1642420,0,0
1418,1625260,15,8
1419,268750,6312,1084
1420,1768430,0,0
1421,1040420,2018,201
1422,1763260,0,0
1423,328510,78,22
1424,364510,140,11
1425,596650,550,354
1426,1837690,0,0
1427,1591280,0,0
1428,1148290,12,0
1429,1531180,0,0
1430,1138630,4,2
1431,1469450,3,0
1432,1622080,3,3
1433,1173640,3,1
1434,1564980,17,0
1435,1935100,15,0
1436,1201830,215,72
1437,1565960,0,0
1438,1335440,13,4
1439,1378870,7,3
1440,1782120,0,0
1441,386100,16,7
1442,238570,22,1
1443,341510,39,13
1444,1807260,0,0
1445,1392790,13,2
1446,531050,117,53
1447,1934540,0,0
1448,1431950,39,13
1449,300380,8407,1844
1450,1273940,4,6
1451,268130,5951,326
1452,496290,30,20
1453,1916990,0,0
1454,458000,384,145
1455,1586740,1,1
1456,1213300,0,0
1457,751590,86,113
1458,812040,966,281
1459,1483100,32,2
1460,1370310,3,0
1461,1412420,0,0
1462,1491650,66,49
1463,1755650,11,0
1464,1355510,21,4
1465,698640,1653,530
1466,1537480,121,33
1467,242880,2961,841
1468,711810,3134,958
1469,871340,0,1
1470,446020,6203,1857
1471,1292410,10,1
1472,1870370,62,26
1473,1702880,11,0
1474,1972410,0,0
1475,844540,0,0
1476,1272120,63,5
1477,1502040,395,221
1478,541200,1913,235
1479,527990,162,66
1480,1481910,0,0
1481,1778470,8,10
1482,953870,132,51
1483,1163560,49,22
1484,742530,32,12
1485,1881460,1,0
1486,328760,1380,119
1487,951430,770,228
1488,1492250,35,4
1489,1411900,0,0
1490,1362440,47,15
1491,1489600,53,4
1492,1920710,0,0
1493,843720,112,62
1494,1305250,2,0
1495,580100,1133,555
1496,1209430,54,8
1497,333390,50,13
1498,1978920,5,0
1499,1699250,0,0
1500,1208660,8,0
1501,704840,155,13
1502,1971180,9,4
1503,1285670,6497,146
1504,1955390,25,0
1505,1983450,1,0
1506,1671350,440,41
1507,1727520,89,1
1508,1505690,2,0
1509,1804070,3,0
1510,1653860,2,0
1511,1918810,0,0
1512,1454000,0,0
1513,1584440,11,1
1514,997950,16,2
1515,517210,35,4
1516,1963570,0,0
1517,813480,43,2
1518,1791510,2,0
1519,1796950,15,4
1520,1861100,2,1
1521,1269710,238,51
1522,872040,21,5
1523,1593280,52,7
1524,984450,35,0
1525,383840,1474,338
1526,576770,2342,226
1527,1804950,0,0
1528,1242800,3,4
1529,1117480,15,3
1530,1631300,0,0
1531,1403550,1,0
1533,948350,56,38
1534,1446890,0,0
1535,1677240,0,0
1536,1689640,0,0
1537,574090,1083,302
1538,1580330,2,1
1539,1017160,40,8
1540,1385830,1,0
1541,1668410,0,0
1542,429620,723,416
1543,655740,248,31
1544,367080,190,53
1545,916040,76,9
1546,1382370,14,3
1547,871420,567,161
1548,1645870,1,0
1549,1909420,368,15
1550,1189230,166,45
1551,1421960,81,15
1552,1239130,6,0
1553,961030,0,0
1554,471640,7,2
1555,672920,11,0
1556,1912850,0,0
1557,453960,143,66
1558,342130,20,14
1559,1450240,6,1
1560,1594210,0,0
1561,1849320,0,0
1562,751670,10,1
1563,1307400,15,4
1564,333760,70,18
1565,1228320,0,0
1566,1188430,37,19
1567,701470,138,16
1568,1637320,0,0
1569,250900,197960,4649
1570,1487840,17,2
1571,1420950,23,5
1572,998340,53,46
1573,1822080,0,0
1574,1218500,620,88
1575,1766840,0,0
1576,1688210,0,0
1577,969340,5,0
1578,1836050,0,0
1579,2002140,0,0
1580,1154680,35,11
1581,1434540,0,0
1582,702190,27,20
1583,437550,68,12
1584,1078490,240,99
1585,1934080,0,0
1586,1350050,0,0
1587,1388940,0,0
1588,1247470,0,0
1589,1569360,0,0
1590,1609170,6,0
1591,1775510,0,0
1592,1428980,8,0
1593,1475250,2,0
1594,1285070,6,0
1595,1781590,3,0
1596,1347970,347,7
1597,905690,240,135
1598,1918730,0,0
1599,1684220,15,3
1600,1814270,13,0
1601,276890,243,70
1602,1541650,0,0
1603,1479340,29,17
1604,833180,9,7
1605,1184810,454,40
1606,1656880,17,6
1607,1177340,0,0
1608,1968702,1,0
1609,1945770,0,0
1610,1420510,31,8
1611,1724180,1,0
1612,1872250,0,0
1613,318600,5025,1598
1614,1842410,9,3
1615,1365920,0,3
1616,1845530,0,0
1617,1120980,95,11
1618,1458000,56,7
1619,1780680,0,0
1620,1890910,0,0
1621,1897860,0,0
1622,1719100,195,25
1623,344740,798,145
1624,1707490,0,0
1625,1769510,39,0
1626,1855090,0,0
1627,676030,42,3
1628,409910,126,32
1629,1927570,0,0
1630,791000,8,0
1631,1226510,536,287
1632,1934990,0,0
1633,662340,0,0
1634,436560,443,375
1635,1646240,1,1
1636,1756810,0,3
1637,2054280,0,0
1638,1766010,0,0
1639,1465060,1,0
1640,1653520,0,0
1641,1835350,10,5
1642,1849930,10,4
1643,1659180,21,7
1644,1920410,6,0
1645,1409170,0,0
1646,1399910,3,0
1647,1786380,0,0
1648,1326760,3,2
1649,1709040,11,10
1650,1635440,0,0
1651,416220,1,10
1652,1598180,9,0
1653,1857170,0,0
1654,1228970,19,0
1655,1041130,14,3
1656,1643180,19,2
1657,1496260,0,0
1658,1368560,1,0
1659,867110,12,1
1660,492410,44,6
1661,616330,27,8
1662,1927380,22,2
1663,1963840,0,0
1664,835730,9,0
1665,602070,65,5
1666,1163160,0,0
1667,1772050,0,0
1668,1362850,0,0
1669,1175360,423,42
1670,1390700,302,26
1671,1324470,16,4
1672,1257640,71,6
1673,1928890,0,0
1674,1673940,28,4
1675,1274560,1,0
1676,409460,18,11
1677,1314600,1,1
1678,1829700,0,0
1679,1886080,0,0
1680,1906150,12,2
1681,608110,254,8
1682,1640150,0,0
1683,327880,438,58
1684,1915800,11,1
1685,1332090,37,7
1686,708970,29,6
1687,973070,0,0
1688,1033600,0,0
1689,1262960,23,1
1690,640970,94,30
1691,1975580,0,0
1692,1177610,41,17
1693,1646050,3,1
1694,1361020,12,0
1695,1687570,2,0
1696,1847390,56,4
1697,1273000,0,0
1698,750500,18,7
1699,1349910,0,0
1700,1659410,22,0
1701,1913940,6,1
1702,1908500,11,2
1703,1905110,0,4
1704,1060320,88,281
1705,1709900,335,18
1706,1992790,0,0
1707,1422190,46,3
1708,305780,137,42
1709,1373260,90,17
1710,1296360,1213,130
1711,1056840,333,87
1712,1170300,11,2
1713,1348510,24,11
1714,1828180,0,0
1715,759160,21,23
1716,2013220,16,2
1717,1652290,0,0
1718,1848860,0,0
1719,1417720,104,12
1720,528230,10049,572
1721,1882160,31,5
1722,1425370,17,1
1723,1618330,13,1
1724,1927620,0,0
1725,1916560,0,0
1726,1813370,4,2
1727,1141860,5,0
1728,794780,17,5
1729,1462030,0,0
1730,1263120,4,1
1731,1935152,0,0
1732,1395850,210,26
1733,461940,50,71
1734,1403250,0,0
1735,1249670,0,0
1736,1916110,0,0
1737,1397680,0,0
1738,985510,28,3
1739,1479880,9,1
1740,1964540,0,0
1741,1958340,0,0
1742,1098430,0,3
1743,1301210,5962,928
1744,1243890,164,50
1745,1357680,0,0
1746,1406490,2,0
1747,1207880,85,23
1748,1697200,0,0
1749,798240,23,4
1750,296930,158,44
1751,1161410,22,2
1752,1743120,10,2
1753,373470,40,13
1754,1044410,23,6
1755,1170840,6,0
1756,1278760,20,2
1757,1513090,5,2
1758,1852660,28,17
1759,1653050,0,0
1760,335830,190,98
1761,446120,294,98
1762,1487560,16,2
1763,1865780,1535,30
1764,1725950,61,15
1765,1326220,1,1
1766,1801940,0,0
1767,257120,442,110
1768,1773740,0,0
1769,930470,1,0
1770,656700,273,123
1771,1776930,0,0
1772,1827900,0,0
1773,1361840,28,14
1774,1163600,164,66
1775,1555710,1667,93
1776,1829840,0,0
1777,1400060,0,0
1778,1837380,0,0
1779,1763650,0,0
1780,929150,1,1
1781,1343460,0,0
1782,1477250,3,0
1783,1053710,66,7
1784,1784750,16,8
1785,1976690,0,0
1786,1925020,1,0
1787,1670050,0,0
1788,490950,123,13
1789,1901730,3,0
1790,1842510,0,0
1791,2010400,15,0
1792,582330,706,162
1793,1855930,15,4
1794,787810,1481,372
1795,1327720,5,0
1796,1448970,16,0
1797,1024690,3,3
1798,1927950,3,1
1799,1499030,5,1
1800,1920320,16,2
1801,1967850,0,0
1802,1055950,12,0
1803,1414910,0,0
1804,1327370,7,2
1805,1287160,0,0
1806,1689750,28,3
1807,1823190,0,0
1808,1402130,1,0
1809,1359430,0,0
1810,602480,58,7
1811,1764400,0,0
1812,1556061,2,0
1813,1622980,0,0
1814,489380,447,49
1815,360740,6791,221
1816,1288910,0,0
1817,2008350,4,0
1818,1555160,9,9
1819,1287690,0,0
1820,966660,12,1
1821,325090,538,146
1822,1499770,0,0
1823,262060,102396,9935
1824,454380,124,1
1825,1943740,12,0
1826,1766350,6,0
1827,212680,61872,2656
1828,1583690,6,0
1829,1156900,71,7
1830,1554050,11,0
1831,1571220,92,2
1832,547000,3,1
1833,1731040,1,3
1834,1574870,0,0
1835,1542010,2,0
1836,1069120,6,0
1837,1350210,2,2
1838,1766760,0,0
1839,600690,3,2
1840,351700,986,49
1841,1703120,7,0
1842,1475300,0,0
1843,2000110,0,0
1844,1932780,43,18
1845,1029210,936,63
1846,1393420,304,29
1847,339230,1441,824
1848,1520270,331,63
1849,1417670,14,3
1850,1058510,9,1
1851,1323470,534,153
1852,1682200,14,2
1853,1366320,20,3
1854,1949620,0,0
1855,783260,14,3
1856,331440,1733,368
1857,564280,14,4
1858,386160,60,26
1859,1822070,0,0
1860,1582610,0,0
1861,1543630,2,0
1862,879620,10,10
1863,931000,334,74
1864,486380,193,4
1865,1881840,2,0
1866,511540,78,26
1867,1839350,13,0
1868,757320,2550,207
1869,349550,53,32
1870,1874500,2,0
1871,1211980,0,0
1872,1689090,16,3
1873,572300,52,25
1874,294370,454,155
1875,1223260,7,0
1876,1559570,45,4
1877,1220560,0,0
1878,1074040,30,7
1879,1493940,0,0
1880,1969040,0,0
1881,1826960,675,216
1882,1896810,0,0
1883,1685930,0,0
1884,1629680,1,0
1885,399720,74,10
1886,1673180,3,3
1887,1788790,5,0
1888,1726120,0,0
1889,1961480,14,6
1890,1525420,92,20
1891,1464380,121,14
1892,636320,137,47
1893,384500,550,93
1894,1908690,0,0
1895,1721110,0,0
1896,1644670,3,0
1897,1848710,0,0
1898,1752820,0,0
1899,1685300,97,38
1900,880830,12,2
1901,1520420,0,0
1902,1827560,0,0
1903,2023380,0,0
1904,513250,41,2
1905,1892750,0,0
1906,1930730,255,100
1907,1998680,0,0
1908,1059880,295,58
1909,1662220,34,8
1910,1199180,22,6
1911,1367300,1039,233
1912,1180110,14,0
1913,1125830,0,0
1914,2003560,0,0
1915,715680,0,0
1916,1427810,0,0
1917,1334580,47,10
1918,1659740,0,0
1919,2058360,0,0
1920,1937110,0,0
1921,2012740,0,0
1922,1234240,54,19
1923,1403030,0,0
1924,686770,151,7
1925,1995230,1,0
1926,1121640,0,0
1927,1894940,0,2
1928,1139870,74,113
1929,1449780,0,0
1930,1821530,2,0
1931,1949790,0,0
1932,1942440,272,176
1933,1662800,0,0
1934,1796220,0,0
1935,684840,13,0
1936,690560,128,18
1937,1695610,0,0
1938,1266060,0,0
1939,1763990,12,1
1940,1268110,2300,302
1941,1393570,154,8
1942,1769270,0,0
1943,2025670,0,0
1944,1227330,0,0
1945,1252330,16444,4771
1946,1928380,0,0
1947,250500,1794,90
1948,1887990,11,2
1949,1780340,3,0
1950,452060,3037,429
1951,1256970,0,0
1952,363510,41,43
1953,1527120,0,0
1954,1167530,5,2
1955,1924010,0,0
1956,555630,133,44
1957,1943020,0,0
1958,1301700,0,0
1959,1492300,0,0
1960,1100300,26,4
1961,1791750,0,0
1962,269210,24645,7997
1963,396260,40,3
1964,1494260,178,68
1965,1608780,4,0
1966,1753130,0,0
1967,821490,6,0
1968,1536690,4,0
1969,1683050,5,0
1970,401920,6885,458
1971,1673690,0,0
1972,293780,5720,303
1973,524640,573,91
1974,1993150,0,0
1975,1675070,5,13
1976,1204330,12,2
1977,1631410,2,6
1978,881100,42519,2009
1979,1360650,0,0
1980,1077890,54,14
1981,1456630,23,1
1982,1575810,0,0
1983,606150,11134,2219
1984,1744880,0,0
1985,1647770,0,0
1986,1095290,0,0
1987,1527470,0,0
1988,1092790,69376,2046
1989,1399250,1,4
1990,1650430,0,1
1991,1976100,0,0
1992,1200090,4,1
1993,1363210,22,2
1994,1691790,0,2
1995,593560,15,13
1996,1127110,534,70
1997,1835240,0,0
1998,1845520,6,1
1999,1446350,0,0
2000,949910,10,8
2001,1735160,4,3
2002,1195020,328,103
2003,1597080,0,0
2004,1697110,4,0
2005,1447060,25,1
2006,1434950,3704,484
2007,928410,7,7
2008,1519490,27,1
2009,1290780,17,5
2010,1865470,1,0
2011,1889640,356,53
2012,1668690,1353,122
2013,1371220,6,3
2014,1887440,0,0
2015,449960,8785,942
2016,1177580,0,0
2017,1973800,2,1
2018,484950,883,285
2019,1021690,147,34
2020,615010,161,23
2021,509570,395,47
2022,1140150,0,0
2023,420790,932,259
2024,1109170,4,0
2025,959090,4,1
2026,1623000,36,3
2027,1394130,89,6
2028,1917990,0,0
2029,1553170,4,2
2030,338840,39,45
2031,1800250,0,0
2032,1503700,0,0
2033,1930350,0,0
2034,1864820,0,0
2035,508190,1995,631
2036,1170400,16,6
2037,346340,24,7
2038,1365800,3,1
2039,365900,340,39
2040,1598910,0,0
2041,1264010,9,0
2042,1512080,38,0
2043,487000,1483,327
2044,530520,20,28
2045,1389740,2,0
2046,222980,2062,316
2047,844850,1131,344
2048,820020,149,73
2049,1072063,8,0
2050,1937180,0,0
2051,676830,44,7
2052,1506080,32,0
2053,806770,51,17
2054,1717310,0,0
2055,1683100,123,14
2056,1787240,0,0
2057,1403480,0,0
2058,2062270,0,0
2059,340600,33,5
2060,1757130,0,0
2061,463980,304,77
2062,1406080,2,3
2063,1570830,0,0
2064,1001990,1,4
2065,1653100,52,4
2066,728050,8,15
2067,531180,137,26
2068,1294740,0,0
2069,1607000,0,1
2070,1262000,140,14
2071,1054800,828,125
2072,1622230,0,0
2073,1670900,0,0
2074,1793330,0,0
2075,1851690,0,0
2076,2001670,0,0
2077,221020,709,1993
2078,832380,22,7
2079,551620,165,13
2080,1788540,0,0
2081,1049220,64,41
2082,950490,7,1
2083,1594790,1,3
2084,1386650,63,52
2085,1108370,4073,500
2086,1185930,0,0
2087,1399270,3,3
2088,1931090,23,23
2089,1709260,10,11
2090,374160,2,0
2091,98820,15,1
2092,1141360,33,5
2093,1944630,0,0
2094,1188970,217,83
2095,1392390,22,11
2096,1968950,0,0
2097,779590,280,33
2098,1696150,0,0
2099,1645140,31,3
2100,359280,56,26
2101,1702960,0,0
2102,1910780,223,73
2103,1961060,0,0
2104,1258840,6,1
2105,34289,9,1
2106,1309000,834,45
2107,864540,274,40
2108,1214130,2,0
2109,1763160,4,1
2110,1552080,86,35
2111,1486200,0,0
2112,404540,1631,228
2113,1153460,54,4
2114,1666110,0,0
2115,1979200,0,0
2116,1788876,1,0
2117,1740270,5,2
2118,1734380,0,0
2119,1676840,0,0
2120,1079000,177,11
2121,1639390,5,0
2122,1790503,0,0
2123,1252680,0,0
2124,1872060,0,0
2125,646570,110390,2364
2126,1351900,32,3
2127,1000470,55,13
2128,688130,3668,680
2129,1004090,0,0
2130,1394160,15,6
2131,690040,7708,1313
2132,1184820,319,25
2133,1726290,1,3
2134,1244800,497,60
2135,1183270,0,0
2136,311720,444,101
2137,337040,100,51
2138,884260,1928,79
2139,591000,80,14
2140,1811330,0,0
2141,651940,0,0
2142,731830,0,0
2143,1570760,362,33
2144,337320,17856,885
2145,1973320,0,0
2146,685400,236,13
2147,405960,22,21
2148,1952310,0,0
2149,603960,1465,27
2150,953400,0,0
2151,1109880,8,1
2152,1371000,1,0
2153,828680,39,0
2154,1528100,0,0
2155,602120,51,2
2156,1188930,3333,385
2157,1451570,3,0
2158,986630,0,0
2159,1293740,0,0
2160,1433560,213,149
2161,1780260,6,1
2162,1175510,2,2
2163,807900,0,0
2164,1637160,0,0
2165,1189700,14,6
2166,705620,36,11
2167,1338650,39,26
2168,1719150,0,0
2169,1256060,284,24
2170,319250,508,51
2171,600310,24,9
2172,1483970,9,3
2173,1730060,0,0
2174,409490,39,26
2175,1216510,2,1
2176,573110,79,73
2177,1858760,0,0
2178,940710,600,83
2179,1783200,257,6
2180,304650,6965,1388
2181,1885750,0,0
2182,732160,196,93
2183,1683540,0,0
2184,1285810,155,19
2185,1095760,0,0
2186,983890,3,16
2187,1437010,248,9
2188,745280,0,2
2189,764710,0,0
2190,1622410,0,0
2191,1344210,5,1
2192,2051750,0,0
2193,1962550,0,0
2194,339830,68,43
2195,358130,3330,328
2196,1482940,10,0
2197,1669180,0,0
2198,1257370,0,0
2199,1354990,21,1
2200,1804870,6,1
2201,1558790,0,0
2202,1721930,2,1
2203,1355620,16,2
2204,552500,73045,14488
2205,1230580,1,0
2206,1626180,0,0
2207,1869510,10,1
2208,1722820,0,0
2209,1811050,17,5
2210,1239950,0,0
2211,721700,72,25
2212,1439340,1,2
2213,847800,5,0
2214,881060,4,2
2215,903180,11,1
2216,1274980,32,2
2217,1797580,6,1
2218,610960,682,127
2219,1385100,445,63
2220,990410,3,2
2221,1952540,0,0
2222,1964750,0,1
2223,763320,7,1
2224,873940,2858,437
2225,1419720,0,0
2226,1296830,14911,1668
2227,399640,460,28
2228,1710490,6,0
2229,1641670,348,114
2230,1452000,7,1
2231,1661920,39,7
2232,1684600,3,2
2233,1846210,0,0
2234,1994000,0,0
2235,1016730,697,223
2236,1367980,12,0
2237,1750900,3,0
2238,1602370,0,0
2239,1778890,0,1
2240,1932210,0,0
2241,389160,96,66
2242,1463180,1,1
2243,388620,345,75
2244,1570610,3,0
2245,1554850,2,1
2246,1280210,9,0
2247,1148650,4378,993
2248,1473380,0,0
2249,1688320,0,0
2250,1576950,4,7
2251,357330,1210,101
2252,1622010,0,0
2253,554000,342,13
2254,455100,36,6
2255,1543400,0,13
2256,1253760,3,0
2257,834340,17,4
2258,1680580,0,0
2259,1767170,0,0
2260,1966910,11,2
2261,1402320,1206,766
2262,430170,73,37
2263,872720,28,13
2264,2003270,0,0
2265,949200,176,13
2266,1942280,0,0
2267,1124970,0,0
2268,1313600,0,0
2269,1219420,11,1
2270,1294630,1,1
2271,1938740,4,4
2272,1571540,6,0
2273,1039350,29,12
2274,1452070,0,0
2275,1115610,13,1
2276,619280,449,92
2277,1914580,518,196
2278,1348690,89,14
2279,1982050,1,1
2280,368360,9037,1726
2281,831950,5,6
2282,1119600,546,126
2283,293240,411,47
2284,1916280,0,0
2285,1734130,0,0
2286,1753420,0,0
2287,1267810,118,8
2288,1303050,6,0
2289,1329400,1,1
2290,371010,127,62
2291,1693140,2,1
2292,1937750,0,0
2293,1697730,5,0
2294,1902870,0,0
2295,1921900,301,9
2296,1977090,0,0
2297,877080,230,94
2298,273500,1199,183
2299,1702990,220,17
2300,1161790,0,0
2301,1355600,1,1
2302,1172350,0,0
2303,1430570,0,0
2304,542350,267,80
2305,296710,2484,232
2306,1535660,0,0
2307,1268810,142,45
2308,913590,43,9
2309,1867210,0,0
2310,1967530,0,0
2311,749560,39,8
2312,918430,77,29
2313,1043260,1172,206
2314,1788875,0,0
2315,1201540,0,0
2316,1589330,0,0
2317,968290,36,3
2318,1347110,0,0
2319,1550100,6,1
2320,1936990,0,0
2321,856570,32,0
2322,382140,2937,875
2323,234390,2343,411
2324,1453200,6,2
2325,1981370,4,1
2327,1317070,3,0
2328,1037750,80,22
2329,1534510,6,12
2330,1814850,6,2
2331,1520760,0,0
2332,2019010,0,0
2333,1500750,23,15
2334,1975790,0,0
2335,1818960,15,5
2336,1410140,6,1
2337,857110,1,1
2338,1389360,256,42
2339,1361630,0,0
2340,1992820,0,0
2341,1600700,4,0
2342,1241440,6,2
2343,1364590,2,1
2344,1098910,0,0
2345,1805520,0,0
2346,1672680,7,4
2347,727130,1343,328
2348,632360,195816,7191
2349,1251670,0,0
2350,1641240,0,0
2351,1928030,0,0
2352,1970030,0,0
2353,984980,0,0
2354,1929540,0,0
2355,688420,6073,519
2356,1597710,22,28
2357,1763060,3,0
2358,840430,39,6
2359,246840,2467,142
2360,1777950,3,1
2361,1147880,0,0
2362,278890,2072,288
2363,667170,1,10
2364,1790500,0,0
2365,794760,67,6
2366,1569370,0,0
2367,1948290,27,7
2368,1056050,17,14
2369,315840,504,53
2370,1497600,14,2
2371,926860,200,18
2372,1022710,132,65
2373,277870,351,118
2374,233150,3782,361
2375,1814220,0,0
2376,653940,85,29
2377,1895820,0,0
2378,1633540,8,1
2379,1009310,0,0
2380,973450,130,50
2381,1046300,425,75
2382,1576880,27,7
2383,1846390,1,0
2384,698870,605,143
2385,971150,10,0
2386,1461960,24,2
2387,328080,6087,758
2388,1780330,75,33
2389,1759780,0,0
2390,998740,2986,279
2391,1074610,130,50
2392,1641220,6,2
2393,1951660,0,0
2394,1297180,1,0
2395,448090,16,10
2396,1491460,0,0
2397,1599530,22,9
2398,1913420,0,0
2399,1926820,0,0
2400,1046440,563,22
2401,751820,435,141
2402,1275890,1530,69
2403,688460,3,0
2404,1061130,0,0
2405,1230840,2,0
2406,1039910,4,0
2407,1736530,0,0
2408,404250,49,2
2409,485680,27,1
2410,2012890,0,0
2411,1282730,26686,1782
2412,1490930,0,0
2413,1654310,2,1
2414,1624470,5,0
2415,1846240,6,3
2416,1527380,10,2
2417,1716940,91,28
2418,516030,19,5
2419,238280,1161,417
2420,1044040,52,27
2421,2050590,0,0
2422,1720520,0,0
2423,1941180,8,6
2424,858210,7557,247
2425,1861290,151,3
2426,1948240,1,3
2427,1077440,60,46
2428,1190760,13,5
2429,1579550,0,0
2430,1919920,9,0
2431,1464220,0,0
2432,1917230,0,0
2433,1843470,0,0
2434,1912700,8,12
2436,1129310,1902,177
2437,1874230,0,0
2438,1701810,0,0
2439,1835490,12,0
2440,876220,80,31
2441,1334560,0,0
2442,1388840,0,0
2443,1483460,0,0
2444,1840790,0,0
2445,2055600,0,0
2446,1145950,14,2
2447,1037410,188,71
2448,678870,21,0
2449,1902350,8,0
2450,1102190,15200,560
2451,682020,10,3
2452,1900630,0,0
2453,1461910,0,0
2454,1067760,12,13
2455,1705420,0,0
2456,1149220,4,2
2457,1840520,4,0
2458,1480410,12,4
2459,788200,3,2
2460,690730,2,1
2461,1635710,0,0
2462,1975500,0,0
2463,1792070,0,1
2464,1005120,222,54
2465,1457140,15,12
2466,1602920,0,0
2467,665560,3,3
2468,46410,429,198
2469,1371710,14,0
2470,493080,243,32
2471,1631360,0,0
2472,856210,129,42
2473,2012270,0,0
2474,1227910,24,6
2475,1734990,1,0
2476,1533120,8,2
2477,1789310,0,0
2478,1095040,109,31
2479,315260,324,436
2480,1558290,16,2
2481,869370,5,0
2482,1552500,0,0
2483,1880160,0,0
2484,536640,37,42
2485,664510,12,6
2486,1653070,0,0
2487,1094400,14,0
2488,995240,25,19
2489,1577560,0,0
2490,1930600,0,0
2491,1629230,0,0
2492,242680,15204,582
2493,378720,3071,338
2494,780290,8926,1302
2495,807120,5197,821
2496,1037130,754,83
2497,753420,6825,573
2498,1109510,2,1
2499,1510600,3,5
2500,1734960,2,2
2501,1385350,7,0
2502,1302310,0,0
2503,905490,220,77
2504,2010420,74,0
2505,1769540,0,0
2506,1247010,14,3
2507,264140,4436,2508
2508,1868000,0,0
2509,1144130,0,0
2510,1094050,21,7
2511,1383930,2,2
2512,1949880,0,0
2513,596970,2348,411
2514,2015270,0,0
2515,259680,5120,239
2516,400180,638,181
2517,338320,371,111
2518,1295600,0,0
2519,1970220,0,0
2520,1623650,15,0
2521,1524150,5,0
2522,1416200,0,0
2523,1401080,4,0
2524,1602600,1,1
2525,957350,8,2
2526,1680020,15,0
2527,1918790,12,1
2528,1471410,721,157
2529,1402420,35,18
2530,494320,96,65
2531,1159560,944,68
2532,1135810,1204,55
2533,323220,3425,386
2534,1202080,15,2
2535,612370,285,16
2536,1932810,0,0
2537,1449540,116,115
2538,1907900,160,40
2539,280890,41,61
2540,1183560,0,0
2541,2056090,0,0
2542,1837510,15,2
2543,429260,22,2
2544,1237240,1,0
2545,1884610,0,0
2546,329770,59,42
2547,1045730,0,0
2548,1970700,10,0
2549,1561740,0,0
2550,1876430,0,0
2551,1530990,0,0
2552,1781730,0,0
2553,1284740,0,2
2554,1936150,0,0
2555,1603930,2,4
2556,1533870,5,0
2557,836760,77,23
2558,1766200,12,6
2559,1736550,95,15
2560,1529180,0,0
2561,2024230,90,7
2562,1098610,0,0
2563,887420,36,3
2564,1903690,2,0
2565,1507850,16,2
2566,1145360,187945,2599
2567,1059890,59,13
2568,1693570,0,0
2569,1405260,43,14
2570,1563370,0,0
2571,1491510,70,7
2572,646830,10,1
2573,1781960,0,0
2574,301840,549,143
2575,1013600,12,0
2576,1331040,10,3
2577,1879270,0,0
2578,1944140,0,0
2579,970140,26,4
2580,1933070,0,0
2581,2020920,0,0
2582,1966290,0,0
2583,517330,152,26
2584,1919220,1,0
2585,1274640,11,4
2586,1521770,1,9
2587,1650860,0,0
2588,1181000,135,8
2589,1139660,2,0
2590,212800,5846,735
2591,1409830,0,0
2592,1667280,0,1
2593,1742600,0,0
2594,1706590,0,0
2595,1836940,13,1
2596,1603460,2,0
2597,1945230,0,0
2598,650940,294,38
2599,243970,4698,416
2600,1087050,6,0
2601,1888200,0,0
2602,415030,473,136
2603,1247400,5,0
2604,1433550,42,1
2605,343100,923,276
2606,1250960,2,3
2607,1640810,24,9
2608,1675020,20,7
2609,1707620,0,0
2610,1383160,15,2
2611,1758010,2,1
2612,357700,19,3
2613,507120,40,11
2614,2055500,0,0
2615,539400,326,41
2616,1673710,0,0
2617,1830100,1,0
2618,1141160,5,0
2619,440020,84,112
2620,1983050,0,0
2621,793680,116,18
2622,1787550,0,0
2623,952700,22,2
2624,1282580,1,0
2625,1561570,0,0
2626,805540,0,0
2627,1455590,236,33
2628,1224360,0,0
2629,1294150,0,0
2630,1891541,0,0
2631,369560,102,19
2632,1456760,0,0
2633,1918130,37,3
2634,809540,320,56
2635,321830,152,68
2636,331181,60,10
2637,1969420,1,0
2638,1824580,0,0
2639,1605040,0,0
2640,506980,2,1
2641,883850,0,0
2642,1453140,58,39
2643,1719880,13,2
2644,1262120,11,2
2645,1594760,0,0
2646,1848350,0,0
2647,1300330,22,1
2648,1692480,0,0
2649,312290,78,23
2650,1417750,0,0
2651,1779280,0,0
2652,1368060,5,8
2653,1198550,3,0
2654,1811990,0,0
2655,1682750,0,0
2656,1359120,326,53
2657,2010560,0,0
2658,1285060,0,0
2659,1935153,0,0
2660,1927550,1,1
2661,926390,262,35
2662,1960050,0,0
2663,396480,717,187
2664,1276730,53,10
2665,1056490,487,15
2666,104100,58,30
2667,1911640,2,0
2668,1628370,1,0
2669,1881540,2,2
2670,239070,5592,633
2671,1866130,0,0
2672,1517810,25,3
2673,1683390,0,0
2674,1667770,127,13
2675,1079470,2,0
2676,1014270,13,0
2677,1667590,8,0
2678,1268900,149,50
2679,1730090,4,2
2680,1715380,19,22
2681,1081470,64,39
2682,1443100,25,1
2683,1373450,4,1
2684,1353350,0,0
2685,1711610,0,0
2686,1938380,0,0
2687,645240,6,0
2688,1897420,2,0
2689,600610,170,44
2690,1717610,0,5
2691,1638390,266,51
2692,1403190,18,4
2693,1588120,11,2
2694,1253950,1794,201
2695,1343250,11,1
2696,1409650,0,0
2697,1479460,25,5
2698,1867920,0,0
2699,1635890,0,0
2700,1849310,110,3
2701,409450,467,84
2702,655380,59,16
2703,1596190,0,0
2704,1385840,7,10
2705,870590,7,0
2706,1853432,0,0
2707,1608290,1051,79
2708,1841560,0,0
2709,1214330,100,9
2710,1495920,14,2
2711,1322600,42,5
2712,1927200,0,0
2713,1315940,0,0
2714,1252580,78,13
2715,1588130,4,1
2716,1537980,6,0
2717,1832000,0,0
2718,1933800,13,11
2719,1897740,0,0
2720,1530660,0,0
2721,1734320,318,7
2722,965470,19,1
2723,1870320,208,64
2724,1785510,4,0
2725,2054180,0,0
2726,1089800,0,1
2727,698590,30,7
2728,1825660,0,0
2729,1138660,3431,209
2730,1376060,5,0
2731,1557720,0,0
2732,856220,34,6
2733,1924150,0,0
2734,305640,413,190
2735,448810,12,3
2736,1654890,55,1
2737,269490,1291,164
2738,396350,725,29
2739,1687740,0,0
2740,1217060,69555,3979
2741,1603870,0,0
2742,1553660,0,0
2743,1740010,5,2
2744,1860310,0,0
2745,1806030,22,23
2746,1701870,0,0
2747,358830,207,38
2748,677120,6507,841
2749,685340,705,173
2750,1219200,0,0
2751,207430,362,350
2752,241600,16434,1199
2753,1380650,95,5
2754,989450,337,189
2755,1591050,15,1
2756,690210,0,0
2757,977500,152,72
2758,1862492,4,0
2759,1696620,0,0
2760,1036740,525,94
2761,804070,0,0
2762,1393620,0,0
2763,1255650,2016,58
2764,1885820,3,6
2765,364790,15,6
2766,1882410,0,0
2767,1681580,10,14
2768,645200,9,2
2769,1198400,357,79
2770,819160,10,0
2771,513560,1657,640
2772,559340,131,154
2773,269770,5213,509
2774,1067050,8,2
2775,825080,4,1
2776,329970,839,104
2777,291190,197,55
2778,1709050,0,0
2779,454370,9,4
2780,1922940,0,0
2781,1854570,0,0
2782,1879290,12,4
2783,905660,255,42
2784,1622690,14,1
2785,1611420,25,3
2786,664750,398,24
2787,1299750,24,5
2788,1295140,0,0
2789,1115580,65,2
2790,1095750,21,2
2791,924020,10,31
2792,1181830,1678,174
2793,1981500,0,0
2794,739220,25,11
2795,1412400,0,0
2796,1823830,4,2
2797,1292020,338,6
2798,1094590,0,0
2799,675990,22,7
2800,728770,0,0
2801,606030,6,5
2802,1973730,0,0
2803,1431630,10,6
2804,1354770,0,0
2805,458660,149,34
2806,496300,7806,1192
2807,1893890,1,0
2808,1651460,2,3
2809,1840080,0,0
2810,1408310,4,3
2811,1331510,0,0
2812,1907140,0,0
2813,798490,2727,552
2814,1582800,0,0
2815,371430,59,14
2816,686290,1,1
2817,968860,0,0
2818,1626480,2,0
2819,774801,0,0
2820,799870,27,20
2821,644420,35,16
2822,434650,18646,2493
2823,1611960,0,0
2824,1812600,0,0
2825,1388690,0,1
2826,1509060,0,0
2827,1152450,36,3
2828,1145740,5,9
2829,1473740,22,9
2830,928130,3,2
2831,325370,129,36
2832,1520680,45,5
2833,1162990,0,0
2834,1839760,0,0
2835,1795580,0,0
2836,1789470,192,6
2837,778640,20,2
2838,1500810,0,0
2839,1372660,0,0
2840,1339960,0,0
2841,1190820,17,4
2842,777410,62,20
2843,1543020,1,0
2844,1961810,0,0
2845,1029980,136,19
2846,611190,19,1
2847,1800300,15,7
2848,1277480,5,0
2849,638390,0,0
2850,1245370,28,2
2851,251590,14,35
2852,948470,23,21
2853,1004560,53,24
2854,300580,370,137
2855,1212380,0,0
2856,1963010,0,0
2857,1934660,0,0
2858,1421420,0,0
2859,1795530,0,0
2860,551060,11,3
2861,1231270,2,0
2862,219740,93385,3085
2863,1828940,0,2
2864,433600,163,41
2865,1133050,25,2
2866,1495270,0,0
2867,1854280,1,0
2868,1627360,16,0
2869,1873800,12,0
2870,829260,28,4
2871,1231000,0,1
2872,577470,21,5
2873,1772350,9,2
2874,2003750,9,0
2875,1895860,131,12
2876,831350,0,1
2877,1260810,1993,100
2878,428350,62,18
2879,376130,24,20
2880,1255050,44,3
2881,1923070,0,0
2882,1542000,1,1
2883,1196990,0,0
2884,1768830,0,0
2885,1878530,6,3
2886,973230,0,0
2887,568400,43,15
2888,1035800,77,11
2889,1759550,0,0
2890,1617640,63,29
2891,1740920,0,0
2892,439880,26,9
2893,1485980,3,0
2894,463270,1719,149
2895,405000,109,21
2896,546090,166,22
2897,1780000,0,0
2898,1934230,0,0
2899,1492870,14,7
2900,448820,18,8
2901,1012610,462,140
2902,1524550,54,8
2903,1484280,1113,101
2904,475960,80,16
2905,1168530,1,6
2906,811720,61,23
2907,364900,7,22
2908,1673470,6,0
2909,1314170,35,13
2910,520810,2,3
2911,1928810,3,0
2912,2018840,0,0
2913,2027040,0,0
2914,1430500,0,0
2915,1354540,16,2
2916,1054860,0,0
2917,1957670,0,0
2918,932530,6,0
2919,1749360,2,0
2920,1649630,92,6
2921,1014200,0,1
2922,1592100,0,0
2923,1290090,27,1
2924,314410,3085,243
2925,837400,232,68
2926,1594720,0,0
2927,1598750,16,0
2928,1851280,637,84
2929,1714040,17431,1573
2930,965120,60,5
2931,809310,118,18
2932,861330,152,5
2933,1387580,54,7
2934,1989350,0,0
2935,1962560,22,4
2936,1269730,0,0
2937,1965560,0,0
2938,1884140,0,0
2939,1115840,16,3
2940,1516750,159,52
2941,1828080,0,0
2942,1998350,0,0
2943,1891700,1421,250
2944,1823400,0,0
2945,1073320,644,54
2946,909380,141,1
2947,1000760,539,111
2948,803850,34,13
2949,1612590,0,0
2950,1443960,0,0
2951,1477470,0,0
2952,1602620,0,0
2953,1741370,0,0
2954,1798620,0,0
2955,217290,178,29
2956,1229310,34,16
2957,737660,2,0
2958,1835080,0,0
2959,1750910,0,0
2960,1842040,0,0
2961,1528980,4,0
2962,98800,4626,295
2963,1240130,72,3
2964,2027570,11,0
2965,265730,6,3
2966,1197690,0,0
2967,1750580,0,0
2968,98821,31,0
2969,368700,19,5
2970,445600,53,20
2971,1378860,27,4
2972,1965290,0,0
2973,1849800,8,0
2974,721990,1,2
2975,1475170,19,5
2976,1549720,0,0
2977,1836880,17,0
2978,1990620,1,0
2979,1698850,0,0
2980,1944700,0,0
2981,1797510,10,1
2982,1724390,0,0
2983,1492440,0,0
2984,1724470,7,3
2985,1075550,42,30
2986,652050,23,3
2987,1149400,111,94
2988,1985240,0,0
2989,409000,223,136
2990,311800,511,25
2991,1955120,0,0
2992,1100290,0,0
2993,1269300,161,19
2994,1466400,0,0
2995,1890710,19,5
2996,1047860,24,15
2997,843990,7,2
2998,1076940,4,0
2999,1404500,70,13
3000,1607770,3,0
3001,1212960,7,4
3002,1120400,64,9
3003,842170,84,7
3004,1184500,46,3
3005,2054150,0,0
3006,1835970,0,0
3007,598060,1511,261
3008,1391550,0,1
3009,1774200,0,0
3010,71166,7,0
3011,1332940,8,2
3012,1935151,0,0
3013,516110,805,83
3014,1340520,0,0
3015,1376350,1,0
3016,1632960,2,0
3017,968760,177,29
3018,1858240,4,10
3019,1485730,2,1
3020,1428800,0,0
3021,1588140,18,14
3022,452530,99,8
3023,228320,99,114
3024,1576080,0,0
3025,1930620,0,0
3026,490360,0,0
3027,1699500,5,0
3028,1312270,0,0
3029,1912970,16,7
3030,1196760,0,0
3031,1336170,4,2
3032,2005000,2,3
3033,1256220,15,0
3034,1880080,0,0
3035,480480,211,31
3036,1541710,64,25
3037,1956370,64,3
3038,1069050,82,21
3039,794350,14,6
3040,1966740,10,5
3041,1607040,44,9
3042,1101980,15,41
3043,550840,992,298
3044,1954440,1,0
3045,1247640,59,23
3046,1580020,0,0
3047,1920650,17,4
3048,931500,1531,91
3049,382490,6340,421
3050,982920,0,1
3051,1128690,116,10
3052,1571160,107,43
3053,433400,57,9
3054,1072870,13,1
3055,1619970,5,4
3056,2058670,0,0
3057,727690,0,0
3058,878420,121,47
3059,2006140,0,0
3060,226120,370,204
3061,1304680,1240,32
3062,1988980,0,0
3063,1863540,60,0
3064,274700,85,9
3065,1562230,27,2
3066,533050,26,3
3067,1644260,0,0
3068,1169520,34,7
3069,1510,1944,186
3070,2025440,0,0
3071,2028270,0,0
3072,927760,0,0
3073,1371380,1,1
3074,616420,0,0
3075,1382290,7,1
3076,1452910,4,1
3077,1907060,130,2
3078,1520900,85,14
3079,1330330,23,3
3080,1633140,0,0
3081,1041450,18,4
3082,562230,483,78
3083,719180,59,15
3085,252570,273,143
3086,1370680,3,3
3087,1338180,1,0
3088,545840,4,0
3089,1970010,0,0
3090,1355770,0,1
3091,1538640,11,2
3092,2024870,0,0
3093,1393740,7,0
3094,1678860,50,2
3095,1710820,0,0
3096,418150,115,27
3097,334420,1180,373
3098,1575830,0,0
3099,1541520,0,0
3100,700100,296,43
3101,322330,324266,13010
3102,1660310,2,1
3103,1953220,2,2
3104,1504310,19,6
3105,1752420,0,0
3106,369110,357,208
3107,612160,21,1
3108,748020,0,0
3109,828220,0,0
3110,1304130,84,15
3111,1573540,15,1
3112,1283350,5,1
3113,712190,1340,616
3114,1027060,12,1
3115,11340,555,176
3116,1153060,4,1
3117,971530,0,1
3118,474020,383,161
3119,1654150,0,0
3120,248820,26538,1789
3121,1289750,16,1
3122,262790,590,130
3123,1518220,0,0
3124,368610,527,62
3125,1255680,10,0
3126,657090,247,100
3127,919220,250,181
3128,1170190,38,19
3129,1386440,35,6
3130,371570,945,318
3131,686090,34,34
3132,1535210,68,9
3133,1492220,0,0
3134,1755740,29,5
3135,1731360,19,5
3136,2055270,12,6
3137,1835930,7,5
3138,1082720,15,14
3139,339250,16,7
3140,1971330,0,0
3141,2024820,0,0
3142,1655490,0,1
3143,1605520,0,0
3144,1826530,0,2
3145,1259930,106,40
3146,1581380,4,1
3147,989440,1617,250
3148,1554670,3,5
3149,1229260,96,9
3150,1981020,0,0
3151,1630580,33,8
3152,1956930,0,0
3153,1098000,6,1
3154,307110,4103,633
3155,1363680,0,0
3156,403950,488,57
3157,1396540,0,0
3158,1393410,612,252
3159,1355570,17,1
3160,1915780,0,0
3161,1391540,49,7
3162,1880150,0,0
3163,1780480,0,0
3164,440650,3787,569
3165,386010,940,300
3166,1612960,37,1
3167,766630,55,10
3168,1844190,12,4
3169,1390020,0,1
3170,1796110,0,0
3171,1763220,0,0
3172,508650,52,12
3173,1432540,0,0
3174,1219080,3,3
3175,1579100,6,6
3176,1620070,4,0
3177,1556560,0,0
3178,1937650,7,6
3179,1679840,0,0
3180,2019680,0,0
3181,956430,2,3
3182,1842350,0,0
3183,457842,64,8
3184,1408710,62,9
3185,1466030,0,0
3186,1029220,23,0
3187,332710,90,77
3188,683270,3,1
3189,869760,3043,438
3190,633080,0,0
3191,410820,431,35
3192,365360,14758,1957
3193,303690,321,43
3194,559260,127,37
3195,1703640,2,3
3196,1385380,1701,108
3197,1733140,1,0
3198,1065880,95,5
3199,345140,78,52
3200,1379600,0,0
3201,1185490,52,17
3202,1724770,0,0
3203,1314770,26,8
3204,1447260,0,0
3205,1732070,23,3
3206,865670,1115,404
3207,1471460,7,0
3208,1493520,0,0
3209,349460,39,19
3210,1968730,0,0
3211,1717880,14,2
3212,1649570,39,5
3213,1819780,2,1
3214,1752260,0,0
3215,1928130,0,0
3216,1074680,11,53
3217,1379040,3,0
3218,1444510,4,1
3219,1971770,0,0
3220,306000,49,65
3221,1705610,7,1
3222,1117200,0,0
3223,515570,236,27
3224,535480,3426,713
3225,1615370,0,0
3226,1937160,36,9
3227,958050,35,6
3228,1817500,0,0
3229,1827640,0,0
3230,1724010,15,0
3231,1061880,275,122
3232,754340,30,11
3233,1621930,0,0
3234,1901060,0,4
3235,269690,218,70
3236,2010240,0,0
3237,1898950,2,0
3238,2018530,4,0
3239,295670,258,105
3240,1295730,0,0
3241,341390,121,50
3242,1641820,0,0
3243,892500,0,0
3244,1602030,0,0
3245,1741400,0,0
3246,704000,0,0
3247,1173200,1733,306
3248,1790502,0,0
3249,778270,1,8
3250,838350,30632,9384
3251,1814700,0,0
3252,1694610,1,1
3253,681110,162,40
3254,1681380,1,0
3255,1426950,4,4
3256,1930082,0,0
3257,516430,63,13
3258,725120,79,7
3259,278620,272,136
3260,1303270,1,0
3261,373290,51,42
3262,693750,78,67
3263,462860,33,9
3264,1277500,135,22
3265,280040,305,133
3266,1401940,0,0
3267,507360,7,8
3268,1384550,22,2
3269,573170,351,19
3270,1300160,125,64
3271,979800,58,18
3272,1971740,0,0
3273,1227260,98,29
3274,1591340,30,12
3275,1241380,4,4
3276,1860600,67,27
3277,1832790,0,0
3278,1075740,1446,314
3279,1245430,1563,115
3280,1780850,17,3
3281,1959410,0,0
3282,1967750,38,11
3283,268930,61,27
3284,738760,24,15
3285,1720760,0,0
3286,318570,90,57
3287,2010110,10,0
3288,1960800,0,0
3289,1225850,11,4
3290,342980,1050,276
3291,1542760,7,0
3292,1765310,12,0
3293,1151080,2185,167
3294,1230340,40,6
3295,659110,51,15
3296,1560130,12,1
3297,1840660,11,0
3298,467960,4636,795
3299,906740,104,32
3300,1064110,0,0
3301,1815230,64,5
3302,653210,22,15
3303,1191570,0,0
3304,1550430,4,0
3305,373730,72,41
3306,1512750,10,14
3307,364300,287,157
3308,838990,101,16
3309,1505790,3,2
3310,1816530,3,3
3311,396750,7798,2058
3312,1409250,2,1
3313,1267670,2,1
3314,1983520,0,0
3315,657000,226,17
3316,398250,17,0
3317,1869570,0,0
3318,1209820,0,0
3319,1196620,36,25
3320,1670860,0,1
3321,617030,88,100
3322,1154300,18,1
3323,928940,3,1
3324,1223020,153,6
3325,1451500,0,0
3326,809280,134,105
3327,1411380,50,12
3328,1274830,0,0
3329,630720,436,112
3330,1413490,0,1
3331,1748650,0,0
3332,1815570,0,0
3333,1422180,12,13
3334,1758090,3,0
3335,1912880,13,4
3336,288120,859,78
3337,1372650,0,0
3338,1858090,0,0
3339,378280,19,20
3340,1429260,0,0
3341,1232590,67,16
3342,1844020,0,0
3343,1074740,0,0
3344,1206790,15,0
3345,1842610,31,4
3346,1435470,0,0
3347,823910,2587,150
3348,269990,81,34
3349,1683370,0,0
3350,1072640,309,29
3351,383330,168,117
3352,1281480,2,4
3353,1536210,94,16
3354,1241140,2,2
3355,1730830,0,0
3356,957960,0,0
3357,1322100,94,11
3358,1578960,109,12
3359,1218810,91,19
3360,1779890,0,0
3361,2002510,2,1
3362,1016360,0,0
3363,1678650,0,0
3364,848030,293,44
3365,572480,4,1
3366,986040,0,0
3367,1231940,84,19
3368,1437370,6,0
3369,531960,905,264
3370,2001060,0,0
3371,1294120,11,0
3372,1557840,49,5
3373,1446930,86,18
3374,1241510,16422,393
3375,956500,41,7
3376,1757920,0,0
3377,210870,194,19
3378,846880,176,10
3379,1805450,0,0
3380,1756710,13,4
3381,2008120,0,0
3382,2058430,0,0
3383,1756770,2,0
3384,1278210,107,2
3385,709150,241,31
3386,1011070,27,9
3387,2006990,0,0
3388,1970740,0,0
3389,1730080,0,0
3390,1490180,23,3
3391,1546420,1,3
3392,1067250,5,17
3393,1394720,27,7
3394,1229910,0,0
3395,955090,0,0
3396,1474860,20,2
3397,1675590,100,62
3398,1631100,1,0
3399,1545880,4,0
3400,1520150,1,1
3401,249360,295,138
3402,1435090,57,5
3403,1474790,4,0
3404,1062530,1,1
3405,1702630,0,0
3406,1943400,2,5
3407,1183840,22,2
3408,1739880,120,32
3409,862490,10,4
3410,1474880,23,5
3411,1427290,2,1
3412,1978750,0,0
3413,1537440,0,0
3414,298630,13752,1494
3415,113200,51645,2485
3416,1039360,0,0
3417,1473810,0,0
3418,340830,453,105
3419,1372820,0,0
3420,757730,18,3
3421,1557040,455,48
3422,1611710,53,8
3423,1931240,47,3
3424,1106680,0,0
3425,652760,12,1
3426,1219690,0,0
3427,1160770,2,1
3428,1799730,0,0
3429,295870,51,21
3430,1831980,21,7
3431,1258580,7,1
3432,1065210,30,13
3433,575720,1319,864
3434,1380340,0,0
3435,1525410,303,62
3436,491510,25,12
3437,370390,44,14
3438,1790370,0,0
3439,1370940,5,2
3440,1878770,18,0
3441,1861940,11,3
3442,1404850,5131,364
3443,632170,29,17
3444,1393500,109,7
3445,1764050,95,19
3446,1877120,2,0
3447,586350,188,28
3448,912070,14,3
3449,375810,18,5
3450,1338920,1,0
3451,1412900,9,12
3452,815290,26,12
3453,1600910,0,0
3454,1960950,12,1
3455,1625930,0,0
3456,1440470,16,12
3457,1940910,41,5
3458,981430,3574,299
3459,1674890,862,114
3460,915760,3,0
3461,1479140,0,0
3462,1668420,10,10
3463,1504570,4966,7996
3464,1734040,0,0
3465,1181510,3,0
3466,1478400,0,0
3467,311690,64069,2593
3468,1389200,0,0
3469,1801520,0,0
3470,1593650,0,0
3471,401710,585,194
3472,1638440,0,0
3473,270050,519,161
3474,1561040,0,0
3475,809240,46,9
3476,1932700,2,0
3477,1942580,2,0
3478,576420,65,3
3479,1764520,0,0
3480,1022610,10,2
3481,1168870,433,152
3482,1209520,8,0
3483,1912930,13,7
3484,1712750,0,0
3485,1662860,26,2
3486,1598710,6,7
3487,1126900,0,0
3488,378030,81,8
3489,1265500,0,0
3490,1584410,0,0
3491,1408410,7,1
3492,780670,525,115
3493,1606100,2,0
3494,1905210,0,0
3495,1208500,0,0
3496,1483540,10,1
3497,1505270,8,1
3498,326150,581,45
3499,1133340,0,0
3500,1551700,0,0
3501,1407430,0,0
3502,1448450,0,0
3503,1607580,0,0
3504,363420,380,49
3505,1400190,6,0
3506,1632420,15,11
3507,397310,314,110
3508,1863170,6,2
3509,1286350,7715,686
3510,1202330,0,0
3511,1084480,216,16
3512,1632930,5,0
3513,1499470,0,0
3514,1299040,0,0
3515,1952270,0,0
3516,1948280,5714,223
3517,1815650,0,0
3518,1749350,116,9
3519,563720,0,1
3520,1286670,31,2
3521,1071660,15,0
3522,491660,19,8
3523,1224710,22,0
3524,1164480,10,2
3525,1054300,14,14
3526,606230,1427,342
3527,1574130,0,0
3528,308420,3174,502
3529,756490,29,18
3530,1909040,23,0
3531,1625690,0,0
3532,1999950,0,0
3533,1353650,0,0
3534,432380,36,2
3535,1457840,11,0
3536,1630430,0,0
3537,1159590,0,7
3538,823210,0,0
3539,1196080,53,5
3540,1669750,0,0
3541,1587660,0,1
3542,1493310,12,2
3543,1138970,51,5
3544,937530,59,20
3545,1251950,1,0
3546,1602340,0,0
3547,1340440,1,6
3548,618190,7,0
3549,638130,62,10
3552,1003560,11,4
3556,1007430,15,4
3557,1007970,0,10
3558,1009350,13,1
3562,1012880,7420,473
3566,1016600,2158,359
3568,1016790,765,272
3570,1017410,526,26
3572,1021370,4,0
3573,1022980,412,125
3577,1029210,937,63
3588,1043150,50,18
3595,1051060,4,1
3597,1054040,40,34
3598,1054640,6,1
3600,1055430,1344,105
3601,1058430,1476,235
3612,1067360,0,0
3614,1068220,0,0
3617,1072640,310,29
3618,1072800,11,0
3621,1073770,28,4
3623,1076200,2041,361
3624,1076230,106,17
3625,1076480,32,0
3627,1077450,160,4
3629,1078280,531,30
3630,1078340,5,0
3635,1085190,18,11
3636,1086060,4,1
3638,1087540,0,0
3640,1090440,604,115
3643,1092790,69427,2046
3644,1093320,184,76
3646,1094070,9,1
3648,1094960,40,8
3654,1099170,59,5
3656,1102190,15202,561
3658,1104750,12,3
3659,1105590,118,29
3660,1105670,4810,426
3662,1106790,8,19
3674,1122830,19,6
3676,1126890,117,26
3679,113200,51646,2485
3680,113204,890,41
3685,1138650,0,0
3686,1138660,3432,209
3689,1143570,11,0
3690,1145060,0,0
3691,1145290,85,59
3692,1145340,314,74
3695,1146890,15,3
3697,1147560,32009,2296
3703,1150530,0,0
3714,1162130,463,343
3719,1166940,0,0
3722,1168840,132,7
3730,1174820,7,0
3731,1175450,0,0
3732,1175770,0,0
3733,1176710,1121,305
3739,1181830,1679,174
3745,1185490,53,16
3748,1188930,3335,384
3752,1193210,8,2
3753,1193590,79,9
3762,1199030,5211,469
3764,1199610,4,7
3769,1204130,650,40
3772,1205570,0,0
3775,1209140,200,21
3778,1209490,2214,595
3785,1213390,31,18
3788,1217060,69579,3984
3789,1218500,620,89
3791,1219060,15,7
3797,1221630,8,1
3798,1222840,4,0
3799,1223020,154,6
3809,1229460,549,226
3812,1232100,52,1
3816,1237900,3,1
3824,1241510,16430,393
3830,1245430,1564,115
3838,1253920,8070,954
3839,1254400,183,86
3844,1256530,190,37
3850,1259740,386,88
3851,1260590,348,35
3853,1262720,27,12
3856,1265390,38,19
3858,1265670,0,0
3862,1266840,2880,613
3867,1268380,15,5
3871,1269710,239,51
3876,1275890,1531,69
3880,1282730,26693,1783
3881,1284430,3,2
3883,1285670,6503,146
3884,1286580,0,0
3891,1289810,1192,59
3892,1290480,5,0
3895,1291220,32,12
3898,1293050,0,0
3902,1294350,0,0
3904,1295280,0,0
3907,1295760,15,1
3908,1296830,14940,1667
3910,1299620,199,38
3911,1301210,5967,929
3912,1301410,4,0
3916,1302550,9,0
3920,1304680,1242,32
3923,1305990,0,0
3924,1307740,0,0
3926,1309000,835,45
3927,1309430,7,2
3929,1313140,0,0
3934,1315610,390,80
3935,1316800,131,8
3937,1321010,30,4
3939,1325310,469,137
3946,1330330,24,3
3948,1331340,0,0
3958,1338490,0,0
3962,1342680,0,0
3963,1344690,2,0
3964,1346460,35,7
3966,1347460,11,6
3981,1355200,0,0
3982,1355440,11,3
3987,1359660,13,4
3988,1360270,46,6
3993,1362670,3,1
4003,1366520,11,7
4004,1367110,2,2
4008,1368230,0,0
4011,1369440,0,0
4017,1371760,8,3
4018,1372220,59,12
4027,1381030,0,0
4036,1385840,8,10
4039,1388240,0,0
4041,1389030,4,0
4046,1389780,4,0
4048,1390600,55,31
4050,1393410,613,252
4051,1393420,305,29
4053,1394580,0,0
4058,1399590,552,65
4063,1402320,1208,766
4070,1404850,5134,364
4078,1409310,5,0
4079,1409530,0,0
4085,1413210,49,3
4086,1413580,0,0
4093,1419070,25,7
4095,1419390,0,0
4096,1419430,9,6
4102,1422090,82,37
4104,1423620,0,0
4111,1429950,34,1
4112,1430010,19,9
4115,1433430,14,0
4119,1437980,18,5
4121,1439460,12,0
4126,1444350,1176,28
4157,1460800,71,3
4158,1461000,5,3
4162,1464290,12,1
4164,1466100,5,0
4166,1466650,0,0
4167,1467530,0,0
4171,1471410,722,157
4173,1473130,2,0
4177,1473870,18,4
4184,1476170,94,27
4185,1476400,0,0
4186,1477070,0,0
4192,1480200,0,0
4195,1482820,24,4
4200,1484280,1113,102
4203,1487390,1202,699
4206,1490680,14,25
4208,1491650,66,50
4212,1493050,6,0
4216,1494450,0,0
4220,1496680,14,1
4223,1499410,0,0
4226,1502040,396,221
4228,1503010,4,1
4231,1505500,5,0
4241,1511870,53,10
4242,1512950,0,1
4243,1513400,2,2
4249,1518990,1,0
4260,1525420,92,21
4265,1529140,25,17
4269,1531010,20,1
4273,1535810,0,0
4279,1538350,6,0
4285,1542820,5,0
4287,1544370,0,0
4288,1544480,9,0
4289,1544560,0,0
4290,1545810,1,0
4295,1549680,6,10
4300,1550740,45,8
4301,1550780,0,0
4305,1552520,0,0
4318,1557740,10401,496
4326,1563460,0,0
4328,1564810,0,0
4329,1564840,3,3
4330,1566090,56,5
4331,1566410,1506,30
4333,1566670,0,0
4335,1569090,1241,113
4338,1569380,3,0
4339,1570680,5,0
4343,1571220,93,2
4344,1571700,0,0
4353,1577460,0,0
4355,1577810,2,0
4359,1580800,135,15
4360,1581660,10,1
4362,1582380,0,0
4364,1582620,682,556
4368,1584520,0,0
4371,1585680,21,10
4375,1587720,7,12
4382,1591660,0,0
4383,1591690,39,4
4391,1594910,2,1
4411,1605250,0,0
4413,1606340,520,64
4414,1606450,1,0
4416,1607170,24,13
4418,1607890,3535,596
4419,1608180,0,0
4420,1608290,1057,79
4422,1608770,0,0
4423,1609800,3,0
4425,1611640,9,0
4427,1612620,1239,290
4428,1613670,0,0
4434,1619570,0,0
4442,1625340,14,7
4443,1625420,3,2
4456,1630910,49,8
4457,1631010,18,0
4460,1631900,0,0
4461,1632140,36,1
4466,1633820,4,6
4467,1634940,16,9
4471,1637000,0,0
4472,1637560,0,0
4474,1640230,0,0
4479,1641670,354,115
4481,1642010,0,0
4482,1643850,0,0
4487,1645680,0,3
4491,1646790,23,3
4496,1650890,9,4
4502,1654910,0,0
4513,1666430,2,3
4517,1668290,0,0
4526,1673880,0,0
4528,1674340,121,99
4531,1675320,0,0
4532,1676130,0,0
4541,1679000,0,0
4542,1679060,0,0
4548,1681550,0,0
4556,1686570,0,2
4558,1687470,0,0
4563,1689350,212,24
4564,1690740,1,1
4567,1693750,3,2
4570,1696110,0,0
4576,1700210,0,0
4587,1707150,0,0
4588,1707220,0,0
4589,1707410,5,0
4592,1707650,252,23
4595,1709900,337,19
4596,1710100,0,0
4598,1711110,0,0
4601,1713830,2,0
4609,1717050,7,2
4612,1718340,13,0
4614,1719480,0,0
4615,1719930,0,0
4617,1721020,22,4
4619,1721870,208,13
4620,1722610,0,0
4624,1725220,0,0
4634,1730390,3,0
4636,1731470,3,0
4637,1731490,0,5
4644,1734370,0,0
4649,1736570,139,11
4650,1737730,0,0
4657,1741420,7,0
4659,1745020,0,0
4660,1746520,8,1
4661,1747700,0,0
4662,1748930,0,0
4666,1750940,0,0
4667,1751700,6,0
4673,1755130,4,1
4678,1755870,34,4
4682,1757250,1,3
4688,1761590,0,0
4700,1766390,387,53
4706,1768660,9,0
4711,1770360,2,1
4713,1773060,25,2
4714,1773710,0,0
4717,1774960,0,0
4718,1774980,14,1
4720,1775860,0,0
4729,1780450,12,0
4741,1786470,0,0
4742,1786630,0,0
4750,1789440,6,0
4754,1790504,0,0
4757,1790511,0,0
4759,1790840,0,0
4760,1791690,18,7
4766,1793680,4,0
4770,1794400,13,0
4771,1794680,106957,1172
4779,1801410,0,0
4784,1803400,0,0
4792,1807360,0,0
4793,1808160,0,0
4803,1818320,15,7
4808,1821620,0,0
4810,1822580,0,0
4811,1822710,85,6
4819,1826960,679,216
4820,1827060,0,0
4821,1827240,0,0
4827,1829560,0,0
4831,1830320,0,0
4834,1832620,11,2
4835,1832700,2,0
4836,1832760,5,2
4845,1836120,91,5
4858,1840940,0,0
4861,1842320,0,0
4864,1843760,2468,492
4868,1844400,0,0
4873,1846990,13,8
4883,1855840,0,0
4887,1859610,11,8
4895,1863080,98,2
4898,1866870,1,1
4900,1867100,4,17
4918,1882040,216,27
4919,1883260,112,5
4923,1885160,14,2
4931,1888550,0,0
4935,1892090,0,0
4939,1894650,0,2
4943,1896510,2,0
4947,1901030,21,1
4953,1902880,106,26
4956,1906160,9,2
4961,1907900,160,42
4965,1909420,371,15
4967,1909860,0,0
4970,1914580,519,197
4981,1919460,1703,105
4982,1919530,5,0
4986,1922670,0,0
5004,1929360,225,12
5008,1930730,256,100
5010,1931240,48,3
5013,1934100,77,4
5015,1934520,0,0
5037,1942360,0,0
5038,1942400,0,0
5049,1947120,4,0
5052,1948290,28,6
5055,1950450,0,0
5058,1954330,0,0
5060,1955300,0,0
5063,1956400,10,1
5065,1957790,0,0
5067,1959880,8,1
5072,1960950,12,2
5075,1962553,0,0
5080,1964020,0,0
5083,1964810,11,2
5088,1966900,7005,494
5093,1968710,0,0
5094,1968840,0,0
5097,1969100,0,0
5108,1971380,0,0
5112,1973450,5,0
5116,1976230,0,0
5117,1976850,0,0
5121,1981010,5,1
5124,1982120,0,0
5127,1984400,0,0
5128,1985770,83,7
5135,1989560,56,10
5140,1994960,9,0
5141,1995870,0,0
5147,2001110,0,0
5154,2003770,0,0
5155,2004640,0,0
5164,2011540,0,0
5165,2012160,0,0
5168,2013220,19,3
5169,2014740,0,0
5170,2015860,0,0
5181,2024230,101,7
5183,2025050,0,0
5186,2026790,0,0
5190,2051290,0,0
5196,2055270,13,6
5197,2055820,0,0
5198,2056490,0,0
5201,2060230,0,0
5204,209330,284,199
5205,212800,5845,735
5206,221020,708,1994
5208,225280,1032,187
5212,230840,777,765
5215,234390,2344,411
5218,242880,2961,842
5219,246110,1269,486
5221,249050,9912,1392
5222,249630,2304,337
5224,250680,752,318
5225,250900,198054,4651
5227,252610,6114,448
5228,262060,102420,9937
5231,264160,579,74
5232,264690,506,77
5234,265990,418,168
5235,266110,910,219
5238,269210,24655,8001
5241,269770,5214,509
5243,274500,4231,226
5244,276890,244,70
5248,283290,2306,345
5252,293740,269,57
5253,293780,5723,303
5256,296710,2486,232
5258,296970,2464,208
5261,300380,8410,1844
5264,304650,6966,1388
5265,305460,13,9
5268,306910,0,0
5273,311690,64083,2593
5282,317610,49,24
5285,321270,840,240
5286,322110,3684,304
5287,322330,324375,13017
5289,323220,3426,387
5292,325880,38,47
5295,326840,423,100
5304,332270,35,11
5307,333640,4845,219
5310,337320,17868,885
5312,339230,1442,824
5314,339400,2035,365
5321,342610,343,19
5324,345080,118,46
5333,358080,124,103
5334,358130,3332,328
5336,360030,25,9
5338,360740,6791,222
5341,364420,2921,714
5343,366910,1054,686
5344,368230,17281,1814
5345,368360,9039,1726
5351,370020,818,51
5353,371010,128,62
5354,371220,61,50
5356,374240,39,19
5361,381610,37,12
5363,382140,2938,875
5364,382490,6339,421
5369,386560,119,17
5372,388660,18,21
5377,396640,287,28
5379,399640,461,28
5383,401910,99,7
5386,407560,892,387
5388,413830,10,6
5392,418530,13721,992
5394,424060,8,16
5396,428430,820,519
5402,434650,18652,2493
5404,437570,1035,198
5405,438320,204,11
5410,442210,387,39
5411,444270,48,8
5414,445980,14670,1385
5416,446760,35,4
5425,459680,56,11
5427,461400,71,33
5430,465200,1407,138
5441,495410,186,13
5444,503620,768,227
5445,504300,308,102
5452,514410,38,58
5455,520660,29,12
5456,522080,7,5
5458,527230,24757,3059
5459,528730,123,35
5462,530740,20,7
5463,530950,419,233
5467,539400,327,41
5468,542350,267,81
5469,542620,6,2
5471,548430,134123,4508
5472,55000,178,35
5477,561740,214,35
5480,566860,1011,262
5481,568220,18259,1154
5483,570660,3874,1859
5485,572290,1,2
5492,590380,13672,823
5495,595140,2606,244
5501,601840,11331,582
5506,605450,796,137
5508,610130,156,51
5510,613390,141,17
5513,616640,12,3
5516,619780,1311,797
5517,620900,52,3
5520,628290,172,65
5524,632360,195918,7195
5528,640340,132,28
5533,651670,1764,295
5539,656350,6839,510
5541,657690,369,21
5543,662210,234,11
5547,665740,79,28
5551,668620,0,0
5553,670250,0,0
5562,681730,668,234
5568,688420,6081,520
5573,692890,3334,197
5577,699330,270,50
5584,718670,6678,1838
5585,719520,53,8
5586,720250,1801,289
5591,726450,2,0
5596,732370,2882,393
5601,740080,835,125
5609,753420,6829,574
5616,772230,14,0
5617,773540,44,25
5619,780290,8931,1303
5621,782570,348,115
5623,783450,40,28
5625,787780,12,24
5626,788100,15633,1953
5632,793820,9,3
5633,794600,3513,1267
5635,800550,9,2
5645,819520,29,7
5646,824540,0,0
5647,826740,70,33
5657,838350,30634,9384
5659,839040,2,4
5661,841770,894,52
5668,850290,189,85
5671,856610,116,13
5673,857980,3855,595
5674,858070,0,0
5675,858210,7582,248
5676,858820,10523,2977
5679,861540,7191,795
5682,865850,82,38
5689,875530,7,3
5691,877010,213,84
5692,877530,0,0
5694,880770,3,1
5696,883750,0,0
5698,886070,87,7
5700,891370,164,35
5704,904380,445,239
5705,905070,8,1
5710,907240,18,9
5711,909380,142,1
5715,912550,27,6
5717,915310,3515,139
5721,924070,452,90
5722,924970,23929,13484
5723,926140,1620,144
5728,931690,4824,452
5731,935630,0,0
5734,939100,1501,747
5738,944120,126,64
5739,945500,11,2
5740,946610,218,16
5744,949430,0,0
5750,958690,8,1
5752,960690,5756,367
5753,961420,35,5
5754,964440,0,0
5758,966430,674,257
5760,967370,6,4
5762,968480,5,0
5764,973060,65,24
5765,976120,72,20
5767,979880,3,0
5768,981430,3584,301
5778,989150,0,0
5783,990640,60,15
5784,994220,2995,536
5790,1000010,3834,589
5791,1000080,1009,438
5798,1022010,34,5
5799,1023550,104,5
5803,1043260,1172,207
5810,1055940,1,0
5816,1064580,15,4
5820,1072050,2,5
5825,1077090,23,4
5828,1081450,0,0
5831,1085830,0,0
5834,1100060,2,1
5836,1100930,963,230
5837,1101370,0,0
5838,1101420,59,20
5842,1116460,0,0
5847,1126440,23,8
5849,1132090,20,4
5851,1135230,745,51
5852,1135810,1204,56
5853,1137180,643,254
5860,1144910,201,6
5861,1144970,327,128
5864,1154810,2276,190
5865,1157390,2411,539
5869,1162320,16,2
5871,1163140,361,76
5881,1170900,0,0
5891,1193430,24,2
5892,1195080,0,0
5896,1201650,7,0
5902,1205650,5,2
5909,1220010,5174,728
5913,1223440,0,0
5914,1226510,537,287
5920,1231670,24,10
5921,1232720,0,0
5926,1234940,539,43
5927,1236990,2161,166
5933,1252330,16454,4773
5936,1253610,0,0
5942,1260810,1993,101
5943,1261020,24,2
5948,1263370,3461,632
5950,1265820,1808,114
5952,1269540,6,2
5955,1274210,2,0
5969,1289490,31,10
5972,1296360,1215,131
5973,1296440,77,6
5979,1304090,126,54
5983,1306160,1,14
5985,1308740,40,41
5986,1308980,9,1
5992,1319550,56,8
6000,1333420,3,2
6009,1341490,0,0
6010,1342150,0,0
6015,1347970,348,7
6017,1348300,1964,265
6018,1348400,9,0
6019,1348480,28,5
6024,1359320,202,60
6026,1361120,6,0
6030,1363200,3,0
6031,1365010,65,3
6036,1373920,354,13
6045,1380520,16,0
6049,1385380,1703,108
6050,1387200,5,1
6053,1394130,90,6
6054,1394830,17,3
6057,1398420,8,1
6062,1406490,3,0
6066,1409730,103,41
6067,1409760,0,0
6075,1418020,570,146
6079,1422410,93,31
6081,1426110,162,51
6082,1426900,22,7
6084,1428770,0,0
6087,1431150,11,2
6088,1433560,214,149
6090,1434950,3707,485
6093,1443660,3,1
6096,1447080,13,3
6105,1466260,7,0
6106,1471990,0,0
6109,1478070,751,41
6112,1481550,8,7
6114,1482320,67,29
6116,1484680,142,324
6131,1501410,223,12
6132,1502760,18,7
6133,1504570,4964,8000
6134,1504660,11,5
6137,1510890,14,2
6143,1518152,2,4
6155,1535100,0,0
6160,1546080,0,0
6163,1553200,8,0
6167,1556170,0,0
6171,1564620,0,0
6174,1569240,0,0
6178,1571160,107,44
6192,1590160,48,11
6194,1591380,9,0
6198,1597210,1,2
6204,1599760,257,228
6210,1607300,0,0
6217,1613580,0,0
6218,1615070,0,0
6225,1625450,116859,6529
6227,1627630,130,52
6228,1627890,0,0
6230,1630690,13,0
6237,1637950,0,0
6238,1638390,267,51
6242,1648430,0,0
6246,1649800,0,0
6248,1650320,6,0
6255,1655990,0,0
6257,1658180,0,0
6258,1658930,163,11
6264,1664670,311,32
6268,1670620,0,0
6271,1672930,6,7
6277,1679840,3,0
6278,1680810,0,0
6281,1683100,124,14
6284,1684870,3,2
6286,1688130,0,2
6299,1699280,29,2
6303,1702350,1,0
6317,1719180,105,1
6323,1724670,2,0
6324,1727020,4,1
6331,1734000,0,0
6336,1739100,29,4
6344,1751330,0,0
6347,1757970,8,0
6349,1761380,208,268
6357,1771310,1,1
6361,1776800,2,0
6367,1780950,0,0
6370,1786930,0,0
6371,1788110,94,13
6373,1789360,8,4
6376,1790505,0,0
6387,1801050,0,0
6388,1802820,1,2
6391,1806700,30,0
6392,1811940,20,3
6393,1812060,0,0
6411,1827970,0,0
6413,1828280,0,0
6414,1829520,0,0
6423,1839630,0,0
6425,1840660,16,0
6428,1842300,4,0
6431,1842540,1,0
6440,1851280,639,84
6444,1852090,0,0
6445,1853430,0,0
6448,1855860,0,0
6450,1856970,25,0
6451,1857220,2,0
6457,1863540,61,0
6458,1863720,0,0
6460,1866960,2,0
6465,1878180,0,0
6467,1881840,3,0
6472,1888430,3971,159
6473,1889640,359,53
6475,1891700,1429,250
6476,1892490,0,0
6479,1903060,0,0
6480,1903270,29,16
6489,1910200,0,0
6501,1919720,0,0
6503,1920410,7,0
6504,1923920,0,0
6510,1929420,85,9
6516,1935070,1,2
6518,1937030,0,0
6519,1938290,6,0
6520,1939880,0,0
6525,1946970,0,0
6526,1949190,0,0
6527,1949750,4,2
6532,1953020,13,2
6534,1953760,98,9
6536,1956370,65,3
6537,1956770,0,0
6539,1957620,0,0
6543,1962920,501,17
6544,1962940,0,0
6547,1968701,3,0
6553,1973470,0,1
6554,1973490,0,0
6557,1974040,2,1
6562,1980350,155,36
6568,1985640,0,0
6569,1989140,0,0
6576,1997530,0,0
6578,2000070,0,0
6581,200210,35028,6685
6587,2009860,0,0
6590,2010700,0,0
6591,2012930,4,4
6593,2015040,0,0
6595,2019050,1,0
6596,2023360,0,0
6609,219740,93401,3085
6610,220460,710,161
6614,241600,16434,1201
6615,243970,4699,416
6616,248820,26540,1789
6617,248860,4202,454
6620,253630,165,158
6621,255070,1518,913
6623,259680,5121,239
6627,269310,620,298
6629,279070,130,24
6639,307110,4107,633
6641,312200,1461,561
6644,320040,3364,877
6645,323060,1655,691
6646,324740,473,143
6648,328080,6088,759
6649,330020,11974,1227
6653,335620,2601,450
6654,337280,46,20
6655,337290,124,33
6660,342080,23,1
6662,344740,799,145
6667,363930,4121,897
6671,365900,341,39
6673,367600,520,362
6680,378790,15,2
6689,393010,3179,138
6690,395570,698,351
6703,420920,34,23
6704,428750,984,84
6707,439730,13,2
6709,443260,50,33
6712,446020,6207,1857
6713,449960,8784,942
6714,457520,95,36
6715,457890,161,49
6716,458660,151,34
6720,464620,411,36
6722,469720,373,65
6729,494720,474,43
6730,496300,7811,1193
6738,525620,564,63
6739,528230,10051,573
6741,535480,3427,712
6745,542660,105,23
6750,551860,774,263
6756,574580,43,22
6757,575720,1320,864
6759,576130,437,77
6760,576770,2342,228
6762,585020,987,205
6763,585710,1518,260
6768,597170,17961,540
6771,606150,11137,2220
6776,615120,1124,26
6777,616000,93,11
6778,628770,1057,198
6781,635200,1520,559
6782,637880,149,10
6785,644580,24,1
6797,677120,6511,842
6802,690040,7708,1314
6804,693800,246,200
6806,699920,655,127
6807,701470,139,16
6809,704950,30,10
6810,705100,66,15
6815,717930,0,0
6816,718190,0,0
6819,719800,30,11
6820,722580,2,0
6821,722730,1203,46
6826,739780,4,2
6827,745000,114,41
6832,757320,2554,208
6835,763890,12032,603
6836,764370,11,0
6838,769560,5740,778
6841,778410,60,42
6846,790130,12,8
6847,793060,2,0
6860,843230,5,0
6864,853450,247,24
6866,856210,129,43
6872,871420,568,161
6874,882220,64,21
6876,883020,71,15
6878,887400,260,75
6879,897890,8,2
6880,898830,6,0
6881,905410,0,0
6884,913740,4748,266
6888,926390,263,35
6889,929010,1441,1250
6890,931040,2,2
6894,956060,74,39
6902,978520,2816,607
6908,997710,10,9
6909,998740,2987,279
6916,1029980,137,19
6922,1040230,2362,270
6923,1042960,24,7
6924,1043470,11,5
6925,1046300,426,75
6928,1054550,561,173
6933,1072660,14,20
6934,1076770,6,0
6936,1078200,286,8
6939,1090060,29,2
6941,1095040,111,31
6943,1097530,416,55
6946,1108370,4076,500
6953,1127610,882,110
6954,1131240,618,173
6958,1141220,792,172
6961,1145360,188062,2601
6967,1162480,151,38
6971,1175460,1082,233
6972,1180120,90,2
6975,1188020,0,0
6978,1189490,8458,827
6979,1191680,67,27
6980,1202830,1,1
6983,1218940,52,13
6984,1220300,0,0
6986,1222550,0,0
6989,1232580,403,63
6991,1245540,1528,61
6998,1259230,186,27
7000,1274230,0,0
7001,1280930,487,31
7003,1282060,1,0
7005,1291540,41,0
7008,1294880,0,0
7010,1296610,2769,735
7012,1299070,0,0
7014,1300840,0,0
7017,1303870,8,2
7022,1340770,3,2
7029,1353910,0,0
7032,1356940,0,0
7033,1359110,49,10
7038,1385100,446,63
7045,1394940,0,1
7051,1403890,17,1
7054,1408730,0,0
7057,1411920,24,4
7058,1412030,7,6
7064,1436650,124,35
7069,1443430,288,12
7073,1456820,1494,96
7077,1467240,6,7
7078,1468950,0,0
7080,1475350,7,0
7084,1479340,30,17
7087,1491200,39,3
7092,1505470,18,2
7093,1508900,50,15
7094,1509920,0,0
7095,1510290,0,0
7098,1515570,0,0
7100,1524530,56,14
7103,1530020,6,1
7113,1544630,0,0
7127,1579020,71,13
7128,1583670,5,8
7133,1595280,128,40
7136,1598190,7,0
7137,1599600,0,0
7138,1603480,3,0
7141,1608460,3,1
7142,1608550,76,26
7145,1626010,0,0
7146,1627290,0,0
7148,1633350,0,0
7150,1641190,0,0
7152,1642610,113,7
7160,1668690,1357,122
7164,1678630,1,1
7168,1681620,3,2
7169,1681840,58,5
7174,1695480,45,1
7179,1698630,25,3
7183,1703190,0,0
7189,1709660,2,1
7191,1713810,383,94
7192,1714280,1,2
7194,1725370,0,0
7195,1727590,0,0
7197,1740720,2959,490
7217,1798470,1,0
7226,1815230,67,5
7228,1822940,1,0
7235,1828800,0,0
7237,1831980,21,8
7238,1837750,157,45
7244,1861090,0,0
7245,1862010,4,1
7247,1863750,839,60
7248,1864770,0,0
7251,1870180,0,0
7252,1873990,18,8
7265,1895130,485,256
7268,1900780,6,0
7270,1908500,11,3
7272,1913530,3,1
7274,1916850,57,7
7280,1921900,301,10
7282,1922480,0,0
7290,1935154,0,0
7299,1960650,1,0
7300,1963670,0,0
7301,1964260,34,2
7302,1964360,0,0
7304,1966110,33,9
7305,1966770,0,0
7309,1970750,0,0
7312,1977450,0,0
7318,2008040,3,2
7319,2010420,75,0
7323,2058220,0,0
7324,2062920,0,0
7326,212680,61890,2661
7327,233150,3781,361
7328,239350,13703,1149
7330,249570,188,190
7334,268130,5954,326
7337,282470,1692,55
7339,298630,13750,1494
7340,299780,117,60
7343,331440,1731,368
7345,333380,6,12
7348,342550,139,167
7350,349730,658,195
7351,357330,1211,101
7355,403940,410,118
7356,404250,50,2
7358,409360,25,13
7363,432590,24,15
7372,502230,148,11
7373,508410,44,13
7374,512900,15120,550
7375,515650,134,12
7379,531780,23,7
7380,537800,9592,1325
7383,552500,73065,14487
7387,580100,1134,555
7388,588650,104682,3134
7389,588950,1213,108
7392,598060,1512,261
7403,640380,274,16
7408,663530,3,2
7409,672460,63,35
7410,686770,152,7
7411,688130,3669,680
7412,698640,1653,531
7417,718590,1509,460
7420,744330,0,0
7421,745680,2,2
7425,787810,1482,372
7427,798490,2728,553
7432,810000,13,1
7441,858260,2538,141
7442,858680,75,25
7444,867470,6,1
7446,873940,2860,436
7448,884630,3,0
7454,917850,20,7
7456,930780,523,119
7459,942300,19,24
7470,1012360,6,1
7471,1038370,2316,305
7473,1051690,2116,126
7475,1056840,334,87
7480,1138610,0,0
7482,1155120,136,87
7488,1268110,2311,302
7492,1295700,4,0
7494,1323470,534,154
7502,1398630,14,3
7508,1432910,255,85
7511,1455130,5,11
7512,1458960,8,2
7513,1485050,28,3
7516,1515470,26,0
7517,1516900,16,6
7519,1571960,22,12
7524,1608710,0,0
7525,1609740,0,0
7528,1615930,21,1
7540,1704470,13,5
7542,1733090,2,0
7548,1826480,6,0
7554,1862490,0,0
7555,1865780,1540,30
7559,1905810,60,11
7561,1938850,85,3
7565,1962551,0,0
7567,1980930,0,0
7574,318970,679,119
7575,347160,738,102
7577,362090,215,32
7580,383020,7,10
7582,443880,134,59
7584,451780,297,143
7585,452060,3039,429
7594,711810,3135,959
7599,770100,490,129
7601,811320,1197,92
7602,858530,29,4
7606,928990,203,62
7608,986790,3,1
7609,992300,20161,2806
7612,1037020,1807,189
7617,1117670,72,26
7619,1178790,448,121
7624,1440350,19,1
7634,1601680,408,6
7635,1608640,0,0
7642,1705540,3,4
7654,1885090,14,5
7659,1929870,669,58
7663,252630,1800,249
7667,490230,380,46
7669,531960,906,265
7672,681280,10694,661
7676,867010,10,5
7680,1578540,12,3
7684,1815530,84,78
7685,1894320,53,5
7688,254320,1938,216
7691,600630,136,61
7696,1836900,3,0
7702,1861290,151,4
7704,518650,47,4
7705,915230,158,17
7707,680330,30,13
7710,1330370,11,10
7711,1326290,4,1
7713,1955160,6,1
7714,33100,2428,140
7715,639470,134,48
7716,1936510,0,0
7717,1684720,356,29
7718,801210,48,24
7720,264540,197,106
7721,625960,16057,4929
7726,1583690,7,0
7730,1210700,25,10
7736,274520,12222,693
7738,1040460,183,24
7748,1426300,6923,1901
7749,948350,57,38
7750,1891542,0,0
7754,646570,110479,2363
7758,238450,6,0
7761,688120,10,2
7764,1830430,0,0
7770,238910,720,242
7771,1860040,2,0
7774,299480,655,295
7775,365360,14767,1959
7777,1082340,0,0
7779,1112930,372,31
7783,1910780,227,74
7790,1603520,0,0
7792,1122230,0,0
7798,823910,2589,150
7799,1730550,0,0
7801,898220,0,0
7808,898450,166,10
7816,881100,42553,2013
7817,1534480,5,1
7824,318600,5026,1600
7830,1889620,24,9
7831,1062810,0,0
7832,1080060,6,3
7833,1125240,478,11
7834,1246530,0,0
7835,1391800,36,17
7836,1402390,0,1
7837,1489980,0,0
7838,1622270,2,15
7839,1727430,3,0
7840,290890,801,166
7841,352840,151,2
7842,885780,33,9
7843,1593350,501,63
7844,1552260,0,0
7845,637050,62,44
7846,1769200,0,0
7847,841600,77,4
7848,978790,49,5
7849,1069690,904,306
7850,1394090,46,1
7851,1169140,0,0
7852,1490610,932,136
7853,1755690,0,0
7854,1892810,12,4
7855,1755830,0,0
7856,1981530,0,1
7857,880870,3,0
7858,1271420,3,4
7859,431810,220,89
7860,1993890,0,0
7861,1741360,1,0
7862,975600,10,3
7863,204390,96,22
7864,1760020,46,2
7865,1177100,38,31
7866,1807730,14,3
7867,1832950,0,0
7868,1999970,0,0
7869,1512480,86,5
7870,1271280,662,36
7871,1822640,13,4
7872,595790,262,17
7873,1684520,0,0
7874,1866670,0,0
